,,clean_acc,clean_acc,clean_minus_contam,clean_minus_contam,clean_n,clean_n,contam_acc,contam_acc,contam_n,contam_n
ensemble,,v1,v2,v1,v2,v1,v2,v1,v2,v1,v2
model,benchmark,,,,,,,,,,
EleutherAI/pythia-1b,arc_challenge,0.2549019607843137,0.23210633946830267,0.10105580693815985,,357.0,978.0,0.15384615384615385,,26.0,0.0
EleutherAI/pythia-1b,gsm8k_test,0.00631911532385466,0.009,0.00631911532385466,,633.0,1000.0,0.0,,1.0,0.0
EleutherAI/pythia-1b,hellaswag_val,0.02920443101711984,0.029,,,993.0,1000.0,,,0.0,0.0
EleutherAI/pythia-1b,humaneval,0.0,0.009523809523809525,-0.047619047619047616,,5.0,105.0,0.047619047619047616,,63.0,0.0
EleutherAI/pythia-1b,mmlu_test,0.23134328358208955,0.22910216718266255,0.23134328358208955,,670.0,969.0,0.0,,1.0,0.0
EleutherAI/pythia-2.8b,arc_challenge,0.2786885245901639,0.24446786090621708,0.014537581193937499,-0.7555321390937829,244.0,949.0,0.2641509433962264,1.0,53.0,1.0
EleutherAI/pythia-2.8b,gsm8k_test,0.007792207792207792,0.017034068136272545,0.007792207792207792,,385.0,998.0,0.0,,3.0,0.0
EleutherAI/pythia-2.8b,hellaswag_val,0.20319148936170212,0.2,,,940.0,1000.0,,,0.0,0.0
EleutherAI/pythia-2.8b,humaneval,0.0,0.014084507042253521,-0.039603960396039604,0.014084507042253521,2.0,71.0,0.039603960396039604,0.0,101.0,2.0
EleutherAI/pythia-2.8b,mmlu_test,0.24825174825174826,0.2354771784232365,-0.15174825174825177,,572.0,964.0,0.4,,5.0,0.0
EleutherAI/pythia-410m,arc_challenge,0.21107266435986158,0.21975806451612903,-0.07464162135442412,,578.0,992.0,0.2857142857142857,,7.0,0.0
EleutherAI/pythia-410m,gsm8k_test,0.00631911532385466,0.01,,,633.0,1000.0,,,0.0,0.0
EleutherAI/pythia-410m,hellaswag_val,0.01701701701701702,0.017,,,999.0,1000.0,,,0.0,0.0
EleutherAI/pythia-410m,humaneval,0.0,0.007575757575757576,-0.029411764705882353,,9.0,132.0,0.029411764705882353,,34.0,0.0
EleutherAI/pythia-410m,mmlu_test,0.19283065512978986,0.1826625386996904,,,809.0,969.0,,,0.0,0.0
EleutherAI/pythia-6.9b,arc_challenge,0.13836477987421383,0.183585313174946,-0.09240445089501695,-0.816414686825054,159.0,926.0,0.23076923076923078,1.0,78.0,1.0
EleutherAI/pythia-6.9b,gsm8k_test,0.009900990099009901,0.018108651911468814,0.009900990099009901,,303.0,994.0,0.0,,9.0,0.0
EleutherAI/pythia-6.9b,hellaswag_val,0.0737527114967462,0.071,,,922.0,1000.0,,,0.0,0.0
EleutherAI/pythia-6.9b,humaneval,0.0,0.01694915254237288,-0.05454545454545454,0.01694915254237288,1.0,59.0,0.05454545454545454,0.0,110.0,3.0
EleutherAI/pythia-6.9b,mmlu_test,0.2227891156462585,0.196875,-0.11054421768707481,,588.0,960.0,0.3333333333333333,,9.0,0.0
EleutherAI/pythia-70m,arc_challenge,0.0,0.0,,,1000.0,1000.0,,,0.0,0.0
EleutherAI/pythia-70m,gsm8k_test,0.001,0.001,,,1000.0,1000.0,,,0.0,0.0
EleutherAI/pythia-70m,hellaswag_val,0.001,0.001,,,1000.0,1000.0,,,0.0,0.0
EleutherAI/pythia-70m,humaneval,0.0,0.0,,,164.0,164.0,,,0.0,0.0
EleutherAI/pythia-70m,mmlu_test,0.0030959752321981426,0.0030959752321981426,,,969.0,969.0,,,0.0,0.0
Qwen/Qwen2.5-7B,arc_challenge,0.8507462686567164,0.901840490797546,-0.004393918259171459,-0.02673093777388258,134.0,815.0,0.8551401869158879,0.9285714285714286,214.0,14.0
Qwen/Qwen2.5-7B,gsm8k_test,0.0,0.03103448275862069,-0.024296675191815855,0.01853448275862069,4.0,290.0,0.024296675191815855,0.0125,782.0,80.0
Qwen/Qwen2.5-7B,hellaswag_val,0.7609427609427609,0.8627254509018036,-0.23905723905723908,,297.0,998.0,1.0,,5.0,0.0
Qwen/Qwen2.5-7B,humaneval,,0.0,,-0.0784313725490196,0.0,1.0,0.09259259259259259,0.0784313725490196,162.0,102.0
Qwen/Qwen2.5-7B,mmlu_test,0.7590361445783133,0.7355769230769231,0.15903614457831328,0.23557692307692313,249.0,832.0,0.6,0.5,165.0,4.0
allenai/OLMo-2-1124-7B,arc_challenge,0.7603305785123967,0.770935960591133,0.03917673235855057,-0.229064039408867,121.0,812.0,0.7211538461538461,1.0,208.0,2.0
allenai/OLMo-2-1124-7B,gsm8k_test,0.3333333333333333,0.25853658536585367,0.01785714285714285,-0.16209833526906697,3.0,205.0,0.31547619047619047,0.42063492063492064,840.0,126.0
allenai/OLMo-2-1124-7B,hellaswag_val,0.5342465753424658,0.569,,,438.0,1000.0,,,0.0,0.0
allenai/OLMo-2-1124-7B,humaneval,0.0,0.04054054054054054,-0.043010752688172046,0.04054054054054054,2.0,74.0,0.043010752688172046,0.0,93.0,2.0
allenai/OLMo-2-1124-7B,mmlu_test,0.6167247386759582,0.5886214442013129,0.07826320021441979,,287.0,914.0,0.5384615384615384,,65.0,0.0
deepseek-ai/DeepSeek-R1-Distill-Qwen-7B,arc_challenge,0.6934131736526946,0.6880641925777332,-0.10658682634730543,,835.0,997.0,0.8,,5.0,0.0
deepseek-ai/DeepSeek-R1-Distill-Qwen-7B,gsm8k_test,0.12698412698412698,0.09937238493723849,0.05555555555555555,,252.0,956.0,0.07142857142857142,,70.0,0.0
deepseek-ai/DeepSeek-R1-Distill-Qwen-7B,hellaswag_val,0.425,0.425,,,1000.0,1000.0,,,0.0,0.0
deepseek-ai/DeepSeek-R1-Distill-Qwen-7B,humaneval,0.08333333333333333,0.058394160583941604,0.047619047619047616,,24.0,137.0,0.03571428571428571,,28.0,0.0
deepseek-ai/DeepSeek-R1-Distill-Qwen-7B,mmlu_test,0.5317982456140351,0.5278925619834711,-0.4682017543859649,,912.0,968.0,1.0,,1.0,0.0
google/gemma-2-9b,arc_challenge,0.9129464285714286,0.9007021063189569,0.11294642857142856,,896.0,997.0,0.8,,5.0,0.0
google/gemma-2-9b,gsm8k_test,0.7513513513513513,0.6813880126182965,0.3459459459459459,,370.0,951.0,0.40540540540540543,,74.0,0.0
google/gemma-2-9b,hellaswag_val,0.641,0.641,,,1000.0,1000.0,,,0.0,0.0
google/gemma-2-9b,humaneval,0.09523809523809523,0.0738255033557047,0.042606516290726815,,42.0,149.0,0.05263157894736842,,19.0,0.0
google/gemma-2-9b,mmlu_test,0.6759956942949408,0.6749226006191951,-0.3240043057050592,,929.0,969.0,1.0,,1.0,0.0
meta-llama/Llama-3.1-8B,arc_challenge,0.8507462686567164,0.7920110192837465,0.07438844118067811,0.07772530499803221,67.0,726.0,0.7763578274760383,0.7142857142857143,313.0,14.0
meta-llama/Llama-3.1-8B,gsm8k_test,0.2608695652173913,0.20435308343409916,0.1647996962217581,,69.0,827.0,0.09606986899563319,,229.0,0.0
meta-llama/Llama-3.1-8B,hellaswag_val,0.4171180931744312,0.413,,,923.0,1000.0,,,0.0,0.0
meta-llama/Llama-3.1-8B,humaneval,,0.10526315789473684,,-0.06140350877192982,0.0,19.0,0.0896551724137931,0.16666666666666666,145.0,24.0
meta-llama/Llama-3.1-8B,mmlu_test,0.6617647058823529,0.6412459720730398,0.06992797118847538,-0.3587540279269602,340.0,931.0,0.5918367346938775,1.0,49.0,6.0
microsoft/phi-4,arc_challenge,0.3,0.23861852433281006,-0.012039312039312078,-0.09471480900052326,40.0,637.0,0.31203931203931207,0.3333333333333333,407.0,30.0
microsoft/phi-4,gsm8k_test,0.5952380952380952,0.5008488964346349,0.24098708309234623,0.21513461072034923,42.0,589.0,0.354251012145749,0.2857142857142857,494.0,7.0
microsoft/phi-4,hellaswag_val,0.051075268817204304,0.03434343434343434,0.051075268817204304,,372.0,990.0,0.0,,22.0,0.0
microsoft/phi-4,humaneval,0.0,0.030303030303030304,-0.11940298507462686,-0.0196969696969697,2.0,33.0,0.11940298507462686,0.05,134.0,20.0
microsoft/phi-4,mmlu_test,0.8,0.7400881057268722,0.1670886075949367,0.24008810572687223,440.0,908.0,0.6329113924050633,0.5,79.0,6.0
mistralai/Mistral-7B-v0.3,arc_challenge,0.6419753086419753,0.7382953181272509,-0.021439325504366225,0.2382953181272509,81.0,833.0,0.6634146341463415,0.5,205.0,2.0
mistralai/Mistral-7B-v0.3,gsm8k_test,1.0,0.1375,0.9247159090909091,0.1375,1.0,400.0,0.07528409090909091,0.0,704.0,12.0
mistralai/Mistral-7B-v0.3,hellaswag_val,0.36768149882903983,0.339,-0.6323185011709602,,427.0,1000.0,1.0,,1.0,0.0
mistralai/Mistral-7B-v0.3,humaneval,0.5,0.09803921568627451,0.4256198347107438,-0.08377896613190731,4.0,51.0,0.0743801652892562,0.18181818181818182,121.0,11.0
mistralai/Mistral-7B-v0.3,mmlu_test,0.6047904191616766,0.5033783783783784,0.2714570858283433,-0.29662162162162165,167.0,888.0,0.3333333333333333,0.8,102.0,5.0
