model,benchmark,stratifier,ensemble,iv_gap,iv_se,z,p_one,p_two,n_strata
EleutherAI/pythia-1b,truthfulqa_mc,len_quintile,v2,0.08571428571428562,0.2024186562594561,0.42345052228989605,0.6640167048284297,0.6719665903431407,1
EleutherAI/pythia-1b,truthfulqa_mc,pred_acc,v2,0.10714285714285711,0.20150931738241,0.5317017522297941,0.7025337109252601,0.5949325781494799,1
EleutherAI/pythia-6.9b,truthfulqa_mc,len_quintile,v2,0.031578947368421054,0.01803711228819788,1.7507762253652945,0.9600077683071033,0.07998446338579335,1
EleutherAI/pythia-6.9b,truthfulqa_mc,pred_acc,v2,0.031496062992125984,0.015559425512745731,2.0242433093898953,0.9785274382900637,0.042945123419872555,1
Qwen/Qwen2.5-14B,gsm8k_test,kmeans4,v2,0.022727272727272728,0.015977981905300972,1.422411970546328,0.922546654961743,0.15490669007651392,1
Qwen/Qwen2.5-14B,gsm8k_test,len_quintile,v2,0.02040816326530612,0.014356172614544064,1.4215601757693315,0.9224230136251815,0.15515397274963694,1
Qwen/Qwen2.5-14B,gsm8k_test,pred_acc,v2,0.010825809454382865,0.006285578338478642,1.7223251181375203,0.9574946799832138,0.0850106400335724,2
Qwen/Qwen2.5-14B,gsm8k_test,random_0,v2,0.012384269433480548,0.007571626324434685,1.6356155075316907,0.9490399586295382,0.10192008274092368,2
Qwen/Qwen2.5-14B,gsm8k_test,random_1,v2,0.00915409391422275,0.005315390510439028,1.7221865253822453,0.9574821325173094,0.0850357349653812,3
Qwen/Qwen2.5-14B,gsm8k_test,random_2,v2,0.012573774083968047,0.007737532735744678,1.6250366251610977,0.9479226224499003,0.10415475510019934,2
Qwen/Qwen2.5-14B,gsm8k_test,random_3,v2,0.01457027370736287,0.008492582908096881,1.7156469197929738,0.9568866573213463,0.08622668535730749,2
Qwen/Qwen2.5-14B,gsm8k_test,random_4,v2,0.012991150276641697,0.007737070139919496,1.679078778104094,0.9534316542073845,0.09313669158523097,2
Qwen/Qwen2.5-14B,mmlu_test,kmeans4,v2,0.0470588235294117,0.20381919429830278,0.2308851415659019,0.5912979828935794,0.8174040342128412,1
Qwen/Qwen2.5-14B,mmlu_test,len_quintile,v2,-0.01388888888888895,0.16974224534303922,-0.08182340737169061,0.46739357104634655,0.9347871420926931,1
Qwen/Qwen2.5-14B,mmlu_test,pred_acc,v2,-0.08174178762414053,0.14609748951378518,-0.5595016580789891,0.287909699972789,0.575819399945578,1
Qwen/Qwen2.5-14B,arc_challenge,kmeans4,v2,-0.03152594277670119,0.014148275299807231,-2.2282534166642014,0.012931810409103775,0.02586362081820755,2
Qwen/Qwen2.5-14B,arc_challenge,len_quintile,v2,-0.04938696471988668,0.012272396884537285,-4.024231385648245,2.8580847769701385e-05,5.716169553940277e-05,3
Qwen/Qwen2.5-14B,arc_challenge,pred_acc,v2,-0.05815518465000039,0.01660955544031635,-3.5013089217812774,0.00023148941848826328,0.00046297883697652656,2
Qwen/Qwen2.5-14B,arc_challenge,random_0,v2,-0.06807328267787478,0.013015860294301759,-5.230025610191647,8.474327934467353e-08,1.6948655868934707e-07,2
Qwen/Qwen2.5-14B,arc_challenge,random_1,v2,-0.06345140348475067,0.012461346661817972,-5.09185766247625,1.772861257356877e-07,3.545722514713754e-07,3
Qwen/Qwen2.5-14B,arc_challenge,random_2,v2,-0.0578622391447574,0.009723153876592342,-5.95097433190436,1.332754452626639e-09,2.665508905253278e-09,4
Qwen/Qwen2.5-14B,arc_challenge,random_3,v2,-0.06432018172168524,0.01037739816283569,-6.198102907146173,2.857388678254359e-10,5.714777356508718e-10,4
Qwen/Qwen2.5-14B,arc_challenge,random_4,v2,-0.0840513014482278,0.019998873862822127,-4.202801718974738,1.3181575149326902e-05,2.6363150298653804e-05,2
Qwen/Qwen2.5-7B,gsm8k_test,kmeans4,v2,0.015702677756434604,0.008571758952005905,1.8319084617702612,0.966517470168474,0.066965059663052,4
Qwen/Qwen2.5-7B,gsm8k_test,len_quintile,v2,0.016595775459698855,0.009219702384821189,1.8000337502240016,0.9640723453916656,0.07185530921666872,4
Qwen/Qwen2.5-7B,gsm8k_test,pred_acc,v2,0.02737901416107528,0.011135987462190411,2.458606769631718,0.9930261352008019,0.013947729598396297,4
Qwen/Qwen2.5-7B,gsm8k_test,random_0,v2,0.0391482509771685,0.01611972880913069,2.428592406281288,0.992421219022829,0.015157561954342036,3
Qwen/Qwen2.5-7B,gsm8k_test,random_1,v2,0.030483261390269613,0.013844139417114694,2.2018892234344993,0.9861634327954999,0.02767313440900021,3
Qwen/Qwen2.5-7B,gsm8k_test,random_2,v2,0.024769839215484177,0.010841696007821129,2.284683060437719,0.988834290696492,0.02233141860701604,4
Qwen/Qwen2.5-7B,gsm8k_test,random_3,v2,0.029687360353796592,0.011591910837761506,2.561041123357145,0.9947820498761554,0.010435900247689256,4
Qwen/Qwen2.5-7B,gsm8k_test,random_4,v2,0.02092257366631992,0.009913144839417742,2.1105889205941257,0.9825961695982378,0.034807660803524376,4
Qwen/Qwen2.5-7B,arc_challenge,kmeans4,v2,-0.09146341463414631,0.02257881335185635,-4.0508512652471405,2.551581948869388e-05,5.103163897738776e-05,1
Qwen/Qwen2.5-7B,arc_challenge,pred_acc,v2,-0.11274509803921573,0.022198571039456785,-5.078934938596601,1.8977832690145882e-07,3.7955665380291765e-07,1
Qwen/Qwen2.5-7B,arc_challenge,random_0,v2,-0.06574018483609884,0.01721149444844573,-3.8195512326377594,6.684734484807388e-05,0.00013369468969614775,2
Qwen/Qwen2.5-7B,arc_challenge,random_1,v2,-0.09999999999999998,0.019824558013652693,-5.044248650140518,2.276534520044139e-07,4.553069040088278e-07,1
Qwen/Qwen2.5-7B,arc_challenge,random_3,v2,-0.09359605911330049,0.0204933986994895,-4.567132103648186,2.4722121261310254e-06,4.944424252262051e-06,1
allenai/OLMo-2-1124-7B,gsm8k_test,kmeans4,v2,-0.15792645532070687,0.04931922731434294,-3.20212752552145,0.0006820829601174435,0.001364165920234887,4
allenai/OLMo-2-1124-7B,gsm8k_test,len_quintile,v2,-0.16472670752565433,0.05323478886397833,-3.0943432112889946,0.0009862458002773589,0.0019724916005547178,5
allenai/OLMo-2-1124-7B,gsm8k_test,pred_acc,v2,-0.16831575416744818,0.05231648195076745,-3.217260562853636,0.0006471050111854308,0.0012942100223708615,4
allenai/OLMo-2-1124-7B,gsm8k_test,random_0,v2,-0.1643645247216308,0.05248152884210059,-3.131854737238102,0.0008685289858369834,0.0017370579716739667,4
allenai/OLMo-2-1124-7B,gsm8k_test,random_1,v2,-0.16870806485045056,0.05409922489723173,-3.118493197840315,0.0009088916894275845,0.001817783378855169,4
allenai/OLMo-2-1124-7B,gsm8k_test,random_2,v2,-0.16742446514861073,0.053710747537039,-3.1171501575760905,0.0009130426812212244,0.0018260853624424487,4
allenai/OLMo-2-1124-7B,gsm8k_test,random_3,v2,-0.151373273473018,0.05439648304834019,-2.782776844938634,0.00269479310025731,0.00538958620051462,4
allenai/OLMo-2-1124-7B,gsm8k_test,random_4,v2,-0.16162495726789133,0.05437652351818508,-2.9723297263356545,0.001477745472434574,0.002955490944869148,4
allenai/OLMo-2-1124-7B,truthfulqa_mc,len_quintile,v2,0.23667377398720682,0.1944065068576229,1.2174169363607728,0.8882771887965034,0.22344562240699317,1
allenai/OLMo-2-1124-7B,truthfulqa_mc,pred_acc,v2,0.17582417582417587,0.1917679500465512,0.916859025616611,0.8203917412383961,0.3592165175232078,1
allenai/OLMo-2-1124-7B,truthfulqa_mc,random_0,v2,0.2653333333333333,0.172501062279208,1.5381547790347412,0.9379946125970321,0.12401077480593581,1
allenai/OLMo-2-1124-7B,truthfulqa_mc,random_3,v2,0.24715447154471543,0.2050031457200125,1.205613068407604,0.8860166410440242,0.22796671791195156,1
meta-llama/Llama-3.1-8B,mmlu_test,kmeans4,v2,-0.2906976744186046,0.049252355752105854,-5.90220853357203,1.7933370182829423e-09,3.5866740365658846e-09,1
meta-llama/Llama-3.1-8B,mmlu_test,len_quintile,v2,-0.3090909090909091,0.03608541011573964,-8.565536822209777,5.378674029143028e-18,1.0757348058286056e-17,1
meta-llama/Llama-3.1-8B,mmlu_test,pred_acc,v2,-0.33333333333333337,0.0323761954119088,-10.295630140987003,3.6867601709814113e-25,7.373520341962823e-25,1
meta-llama/Llama-3.1-8B,arc_challenge,kmeans4,v2,0.02777777777777779,0.16610123107788202,0.16723402709010185,0.5664070441692353,0.8671859116615295,1
meta-llama/Llama-3.1-8B,arc_challenge,len_quintile,v2,0.008064516129032251,0.16815704919015742,0.04795824003733935,0.5191252380454112,0.9617495239091776,1
meta-llama/Llama-3.1-8B,arc_challenge,pred_acc,v2,0.026397515527950333,0.1669453259888597,0.15812072228791746,0.5628191640011615,0.874361671997677,1
meta-llama/Llama-3.1-8B,arc_challenge,random_0,v2,0.08481262327416172,0.21343875046203487,0.3973628176259758,0.6544500347899527,0.6910999304200947,1
meta-llama/Llama-3.1-8B,arc_challenge,random_2,v2,0.062146892655367214,0.21346527524311082,0.291133499744113,0.614525390019692,0.770949219960616,1
meta-llama/Llama-3.1-8B,arc_challenge,random_3,v2,0.16595744680851066,0.246898045992479,0.6721699482934185,0.7492622449377688,0.5014755101244623,1
meta-llama/Llama-3.1-8B,arc_challenge,random_4,v2,0.002178142287664641,0.1397465409748386,0.015586377111522323,0.5062178130728213,0.9875643738543574,2
meta-llama/Llama-3.1-8B,humaneval,kmeans4,v2,-0.2727272727272727,0.14083575804390605,-1.9364916731037085,0.02640375570805679,0.05280751141611358,1
meta-llama/Llama-3.1-8B,humaneval,len_quintile,v2,-0.3142857142857143,0.3066163815620047,-1.0250127950915064,0.15267857520025918,0.30535715040051836,1
meta-llama/Llama-3.1-8B,humaneval,pred_acc,v2,-0.35,0.2945941518185897,-1.1880751801737361,0.11740189588906563,0.23480379177813127,1
meta-llama/Llama-3.1-8B,humaneval,random_0,v2,0.01785714285714285,0.18982403237026163,0.09407208683835967,0.5374740532472078,0.9250518935055845,1
meta-llama/Llama-3.1-8B,humaneval,random_1,v2,-0.125,0.125,-1.0,0.15865525393145707,0.31731050786291415,1
meta-llama/Llama-3.1-8B,humaneval,random_2,v2,0.1144278606965174,0.13274122258164936,0.8620371160596523,0.8056664531830461,0.38866709363390783,2
meta-llama/Llama-3.1-8B,humaneval,random_3,v2,0.08571428571428567,0.2720544163254419,0.31506301890630206,0.6236430968684737,0.7527138062630525,1
meta-llama/Llama-3.1-8B,humaneval,random_4,v2,-0.08536585365853656,0.1301448015738384,-0.6559297999321453,0.25593464665362015,0.5118692933072403,2
microsoft/phi-4,gsm8k_test,pred_acc,v2,-0.008080808080808105,0.20391790604315072,-0.03962775137117257,0.48419495120828093,0.9683899024165619,1
microsoft/phi-4,mmlu_test,len_quintile,v2,0.10440251572327042,0.2476244043765129,0.4216164234140929,0.6633474916593021,0.6733050166813959,1
microsoft/phi-4,mmlu_test,pred_acc,v2,0.21717171717171715,0.22589738074109836,0.9613733300459039,0.8318177554463646,0.3363644891072708,1
microsoft/phi-4,arc_challenge,kmeans4,v2,-0.05021659958585885,0.08700910323328842,-0.5771419049248022,0.2819217991174077,0.5638435982348154,3
microsoft/phi-4,arc_challenge,len_quintile,v2,0.10619821886827918,0.11820171068304389,0.8984490855047615,0.8155269112027965,0.36894617759440695,2
microsoft/phi-4,arc_challenge,pred_acc,v2,0.07641255076720745,0.021039670972337617,3.6318320218824987,0.9998592918562813,0.000281416287437386,3
microsoft/phi-4,arc_challenge,random_0,v2,-0.088311062969349,0.09346670724493418,-0.9448397784884562,0.17237034013604619,0.34474068027209237,4
microsoft/phi-4,arc_challenge,random_1,v2,0.18039317633366578,0.029481706922935166,6.118817231485661,0.9999999995286377,9.427245650783789e-10,4
microsoft/phi-4,arc_challenge,random_2,v2,-0.10180899722134137,0.09919917527060003,-1.0263089077466838,0.1523729999160348,0.3047459998320696,3
microsoft/phi-4,arc_challenge,random_3,v2,-0.08891561318370915,0.09013402686160432,-0.9864822007812213,0.16194827269084067,0.32389654538168133,4
microsoft/phi-4,arc_challenge,random_4,v2,-0.052147766159299884,0.08627812227172804,-0.6044147089231202,0.2727839795019206,0.5455679590038413,4
microsoft/phi-4,humaneval,kmeans4,v2,-0.125,0.125,-1.0,0.15865525393145707,0.31731050786291415,1
microsoft/phi-4,humaneval,len_quintile,v2,-0.1,0.223606797749979,-0.4472135954999579,0.32736042300928847,0.6547208460185769,1
microsoft/phi-4,humaneval,pred_acc,v2,-0.11666666666666668,0.21666666666666667,-0.5384615384615385,0.2951292256573859,0.5902584513147718,1
microsoft/phi-4,humaneval,random_0,v2,0.02352941176470592,0.07669649888473704,0.3067859955389487,0.6204968657358017,0.7590062685283967,2
microsoft/phi-4,humaneval,random_2,v2,0.07692307692307693,0.07692307692307693,1.0,0.8413447460685429,0.31731050786291415,1
microsoft/phi-4,humaneval,random_3,v2,-0.14285714285714285,0.14285714285714288,-0.9999999999999998,0.15865525393145707,0.31731050786291415,1
mistralai/Mistral-7B-v0.3,gsm8k_test,kmeans4,v2,0.16216216216216217,0.03514458387408102,4.614143753790639,0.9999980264041625,3.947191675068851e-06,1
mistralai/Mistral-7B-v0.3,gsm8k_test,len_quintile,v2,0.15384615384615385,0.07216024245882201,2.132007163556104,0.9834968711693838,0.03300625766123244,1
mistralai/Mistral-7B-v0.3,gsm8k_test,pred_acc,v2,0.12121212121212123,0.05769525080199931,2.100902925755561,0.9821752557255553,0.035649488548889385,1
mistralai/Mistral-7B-v0.3,gsm8k_test,random_0,v2,0.13135449958290332,0.024230384618149407,5.421065395904372,0.9999999703775598,5.924488033492992e-08,2
mistralai/Mistral-7B-v0.3,gsm8k_test,random_2,v2,0.17708333333333334,0.03916561682056944,4.521397789918905,0.9999969283689562,6.143262087698886e-06,1
mistralai/Mistral-7B-v0.3,gsm8k_test,random_3,v2,0.1509433962264151,0.03493660753858684,4.320493798938574,0.9999922159784325,1.556804313507243e-05,1
mistralai/Mistral-7B-v0.3,gsm8k_test,random_4,v2,0.11494252873563218,0.03439354046699092,3.3419801269354017,0.999584084919485,0.000831830161029945,1
mistralai/Mistral-7B-v0.3,mmlu_test,kmeans4,v2,-0.1953488372093024,0.20691140855381607,-0.944118251258696,0.17255461183213516,0.3451092236642703,1
mistralai/Mistral-7B-v0.3,mmlu_test,len_quintile,v2,-0.28979591836734697,0.20423421749050563,-1.418939107893705,0.0779583847126986,0.1559167694253972,1
mistralai/Mistral-7B-v0.3,mmlu_test,pred_acc,v2,-0.2791666666666667,0.20324032111472842,-1.3735791457890785,0.08478618739566135,0.1695723747913227,1
mistralai/Mistral-7B-v0.3,humaneval,random_0,v2,0.015151515151515166,0.20652799044107562,0.073363010598014,0.5292413742427888,0.9415172515144223,1
mistralai/Mistral-7B-v0.3,humaneval,random_1,v2,-0.20000000000000004,0.2,-1.0000000000000002,0.15865525393145702,0.31731050786291404,1
mistralai/Mistral-7B-v0.3,humaneval,random_2,v2,-0.3333333333333333,0.21081851067789195,-1.5811388300841895,0.056923149003329024,0.11384629800665805,1
