model,benchmark,ensemble,n_total,n_clean_lt_0.1,n_mid,n_contam_gt_0.5,frac_contam
EleutherAI/pythia-1b,agieval,v1,999,652,346,1,0.001001001001001001
EleutherAI/pythia-1b,aime2024,v1,90,29,60,1,0.011111111111111112
EleutherAI/pythia-1b,arc_challenge,v1,1000,357,617,26,0.026
EleutherAI/pythia-1b,bbh,v1,999,612,377,10,0.01001001001001001
EleutherAI/pythia-1b,gsm8k_test,v1,1000,633,366,1,0.001
EleutherAI/pythia-1b,hellaswag_val,v1,1000,993,7,0,0.0
EleutherAI/pythia-1b,humaneval,v1,164,5,96,63,0.38414634146341464
EleutherAI/pythia-1b,livecodebench,v1,400,5,260,135,0.3375
EleutherAI/pythia-1b,math,v1,1000,53,657,290,0.29
EleutherAI/pythia-1b,math500,v1,500,23,307,170,0.34
EleutherAI/pythia-1b,mbpp,v1,500,37,364,99,0.198
EleutherAI/pythia-1b,mmlu_test,v1,969,670,298,1,0.0010319917440660474
EleutherAI/pythia-1b,truthfulqa_mc,v1,817,78,611,128,0.15667074663402691
EleutherAI/pythia-2.8b,agieval,v1,999,432,560,7,0.007007007007007007
EleutherAI/pythia-2.8b,aime2024,v1,90,15,67,8,0.08888888888888889
EleutherAI/pythia-2.8b,arc_challenge,v1,1000,244,703,53,0.053
EleutherAI/pythia-2.8b,bbh,v1,999,519,419,61,0.06106106106106106
EleutherAI/pythia-2.8b,gsm8k_test,v1,1000,385,612,3,0.003
EleutherAI/pythia-2.8b,hellaswag_val,v1,1000,940,60,0,0.0
EleutherAI/pythia-2.8b,humaneval,v1,164,2,61,101,0.6158536585365854
EleutherAI/pythia-2.8b,livecodebench,v1,400,2,139,259,0.6475
EleutherAI/pythia-2.8b,math,v1,1000,17,467,516,0.516
EleutherAI/pythia-2.8b,math500,v1,500,7,221,272,0.544
EleutherAI/pythia-2.8b,mbpp,v1,500,33,352,115,0.23
EleutherAI/pythia-2.8b,mmlu_test,v1,969,572,392,5,0.005159958720330237
EleutherAI/pythia-2.8b,truthfulqa_mc,v1,817,59,552,206,0.2521419828641371
EleutherAI/pythia-410m,agieval,v1,999,791,207,1,0.001001001001001001
EleutherAI/pythia-410m,aime2024,v1,90,36,54,0,0.0
EleutherAI/pythia-410m,arc_challenge,v1,1000,578,415,7,0.007
EleutherAI/pythia-410m,bbh,v1,999,684,314,1,0.001001001001001001
EleutherAI/pythia-410m,gsm8k_test,v1,1000,633,367,0,0.0
EleutherAI/pythia-410m,hellaswag_val,v1,1000,999,1,0,0.0
EleutherAI/pythia-410m,humaneval,v1,164,9,121,34,0.2073170731707317
EleutherAI/pythia-410m,livecodebench,v1,400,25,328,47,0.1175
EleutherAI/pythia-410m,math,v1,1000,109,729,162,0.162
EleutherAI/pythia-410m,math500,v1,500,52,339,109,0.218
EleutherAI/pythia-410m,mbpp,v1,500,82,361,57,0.114
EleutherAI/pythia-410m,mmlu_test,v1,969,809,160,0,0.0
EleutherAI/pythia-410m,truthfulqa_mc,v1,817,141,607,69,0.08445532435740515
EleutherAI/pythia-6.9b,agieval,v1,999,417,576,6,0.006006006006006006
EleutherAI/pythia-6.9b,aime2024,v1,90,10,69,11,0.12222222222222222
EleutherAI/pythia-6.9b,arc_challenge,v1,1000,159,763,78,0.078
EleutherAI/pythia-6.9b,bbh,v1,999,516,411,72,0.07207207207207207
EleutherAI/pythia-6.9b,gsm8k_test,v1,1000,303,688,9,0.009
EleutherAI/pythia-6.9b,hellaswag_val,v1,1000,922,78,0,0.0
EleutherAI/pythia-6.9b,humaneval,v1,164,1,53,110,0.6707317073170732
EleutherAI/pythia-6.9b,livecodebench,v1,400,2,112,286,0.715
EleutherAI/pythia-6.9b,math,v1,1000,9,344,647,0.647
EleutherAI/pythia-6.9b,math500,v1,500,4,175,321,0.642
EleutherAI/pythia-6.9b,mbpp,v1,500,16,294,190,0.38
EleutherAI/pythia-6.9b,mmlu_test,v1,969,588,372,9,0.009287925696594427
EleutherAI/pythia-6.9b,truthfulqa_mc,v1,817,52,563,202,0.24724602203182375
EleutherAI/pythia-70m,agieval,v1,999,999,0,0,0.0
EleutherAI/pythia-70m,aime2024,v1,90,90,0,0,0.0
EleutherAI/pythia-70m,arc_challenge,v1,1000,1000,0,0,0.0
EleutherAI/pythia-70m,bbh,v1,999,999,0,0,0.0
EleutherAI/pythia-70m,gsm8k_test,v1,1000,1000,0,0,0.0
EleutherAI/pythia-70m,hellaswag_val,v1,1000,1000,0,0,0.0
EleutherAI/pythia-70m,humaneval,v1,164,164,0,0,0.0
EleutherAI/pythia-70m,livecodebench,v1,400,400,0,0,0.0
EleutherAI/pythia-70m,math,v1,1000,1000,0,0,0.0
EleutherAI/pythia-70m,math500,v1,500,500,0,0,0.0
EleutherAI/pythia-70m,mbpp,v1,500,500,0,0,0.0
EleutherAI/pythia-70m,mmlu_test,v1,969,969,0,0,0.0
EleutherAI/pythia-70m,truthfulqa_mc,v1,817,817,0,0,0.0
Qwen/Qwen2.5-14B,agieval,v1,999,151,678,170,0.17017017017017017
Qwen/Qwen2.5-14B,aime2024,v1,90,0,4,86,0.9555555555555556
Qwen/Qwen2.5-14B,arc_challenge,v1,1000,101,641,258,0.258
Qwen/Qwen2.5-14B,bbh,v1,999,334,414,251,0.25125125125125125
Qwen/Qwen2.5-14B,gsm8k_test,v1,1000,13,326,661,0.661
Qwen/Qwen2.5-14B,hellaswag_val,v1,1000,280,711,9,0.009
Qwen/Qwen2.5-14B,humaneval,v1,164,0,2,162,0.9878048780487805
Qwen/Qwen2.5-14B,livecodebench,v1,400,2,27,371,0.9275
Qwen/Qwen2.5-14B,math,v1,1000,0,1,999,0.999
Qwen/Qwen2.5-14B,math500,v1,500,0,3,497,0.994
Qwen/Qwen2.5-14B,mbpp,v1,500,56,212,232,0.464
Qwen/Qwen2.5-14B,mmlu_test,v1,969,282,532,155,0.15995872033023736
Qwen/Qwen2.5-14B,truthfulqa_mc,v1,817,147,531,139,0.1701346389228886
Qwen/Qwen2.5-7B,agieval,v1,999,181,648,170,0.17017017017017017
Qwen/Qwen2.5-7B,aime2024,v1,90,0,4,86,0.9555555555555556
Qwen/Qwen2.5-7B,arc_challenge,v1,1000,134,652,214,0.214
Qwen/Qwen2.5-7B,bbh,v1,999,356,382,261,0.26126126126126126
Qwen/Qwen2.5-7B,gsm8k_test,v1,1000,4,214,782,0.782
Qwen/Qwen2.5-7B,hellaswag_val,v1,1000,297,698,5,0.005
Qwen/Qwen2.5-7B,humaneval,v1,164,0,2,162,0.9878048780487805
Qwen/Qwen2.5-7B,livecodebench,v1,400,2,21,377,0.9425
Qwen/Qwen2.5-7B,math,v1,1000,0,0,1000,1.0
Qwen/Qwen2.5-7B,math500,v1,500,0,3,497,0.994
Qwen/Qwen2.5-7B,mbpp,v1,500,98,245,157,0.314
Qwen/Qwen2.5-7B,mmlu_test,v1,969,249,555,165,0.17027863777089783
Qwen/Qwen2.5-7B,truthfulqa_mc,v1,817,193,536,88,0.10771113831089352
allenai/OLMo-2-1124-7B,agieval,v1,999,199,699,101,0.1011011011011011
allenai/OLMo-2-1124-7B,aime2024,v1,90,2,38,50,0.5555555555555556
allenai/OLMo-2-1124-7B,arc_challenge,v1,1000,121,671,208,0.208
allenai/OLMo-2-1124-7B,bbh,v1,999,327,505,167,0.16716716716716717
allenai/OLMo-2-1124-7B,gsm8k_test,v1,1000,3,157,840,0.84
allenai/OLMo-2-1124-7B,hellaswag_val,v1,1000,438,562,0,0.0
allenai/OLMo-2-1124-7B,humaneval,v1,164,2,69,93,0.5670731707317073
allenai/OLMo-2-1124-7B,livecodebench,v1,400,2,58,340,0.85
allenai/OLMo-2-1124-7B,math,v1,1000,1,39,960,0.96
allenai/OLMo-2-1124-7B,math500,v1,500,0,31,469,0.938
allenai/OLMo-2-1124-7B,mbpp,v1,500,285,187,28,0.056
allenai/OLMo-2-1124-7B,mmlu_test,v1,969,287,617,65,0.06707946336429309
allenai/OLMo-2-1124-7B,truthfulqa_mc,v1,817,39,431,347,0.42472460220318237
deepseek-ai/DeepSeek-R1-Distill-Qwen-7B,agieval,v1,999,738,233,28,0.028028028028028028
deepseek-ai/DeepSeek-R1-Distill-Qwen-7B,aime2024,v1,90,11,51,28,0.3111111111111111
deepseek-ai/DeepSeek-R1-Distill-Qwen-7B,arc_challenge,v1,1000,835,160,5,0.005
deepseek-ai/DeepSeek-R1-Distill-Qwen-7B,bbh,v1,999,746,248,5,0.005005005005005005
deepseek-ai/DeepSeek-R1-Distill-Qwen-7B,gsm8k_test,v1,1000,252,678,70,0.07
deepseek-ai/DeepSeek-R1-Distill-Qwen-7B,hellaswag_val,v1,1000,1000,0,0,0.0
deepseek-ai/DeepSeek-R1-Distill-Qwen-7B,humaneval,v1,164,24,112,28,0.17073170731707318
deepseek-ai/DeepSeek-R1-Distill-Qwen-7B,livecodebench,v1,400,20,204,176,0.44
deepseek-ai/DeepSeek-R1-Distill-Qwen-7B,math,v1,1000,21,324,655,0.655
deepseek-ai/DeepSeek-R1-Distill-Qwen-7B,math500,v1,500,10,154,336,0.672
deepseek-ai/DeepSeek-R1-Distill-Qwen-7B,mbpp,v1,500,452,46,2,0.004
deepseek-ai/DeepSeek-R1-Distill-Qwen-7B,mmlu_test,v1,969,912,56,1,0.0010319917440660474
deepseek-ai/DeepSeek-R1-Distill-Qwen-7B,truthfulqa_mc,v1,817,692,121,4,0.004895960832313341
google/gemma-2-27b,agieval,v1,999,619,363,17,0.01701701701701702
google/gemma-2-27b,aime2024,v1,90,17,53,20,0.2222222222222222
google/gemma-2-27b,arc_challenge,v1,1000,647,334,19,0.019
google/gemma-2-27b,bbh,v1,999,632,358,9,0.009009009009009009
google/gemma-2-27b,gsm8k_test,v1,1000,155,687,158,0.158
google/gemma-2-27b,hellaswag_val,v1,1000,998,2,0,0.0
google/gemma-2-27b,humaneval,v1,164,7,79,78,0.47560975609756095
google/gemma-2-27b,livecodebench,v1,400,3,25,372,0.93
google/gemma-2-27b,math,v1,1000,25,360,615,0.615
google/gemma-2-27b,math500,v1,500,18,153,329,0.658
google/gemma-2-27b,mbpp,v1,500,213,190,97,0.194
google/gemma-2-27b,mmlu_test,v1,969,797,168,4,0.0041279669762641896
google/gemma-2-27b,truthfulqa_mc,v1,817,512,292,13,0.01591187270501836
google/gemma-2-9b,agieval,v1,999,924,71,4,0.004004004004004004
google/gemma-2-9b,aime2024,v1,90,53,33,4,0.044444444444444446
google/gemma-2-9b,arc_challenge,v1,1000,896,99,5,0.005
google/gemma-2-9b,bbh,v1,999,778,220,1,0.001001001001001001
google/gemma-2-9b,gsm8k_test,v1,1000,370,556,74,0.074
google/gemma-2-9b,hellaswag_val,v1,1000,1000,0,0,0.0
google/gemma-2-9b,humaneval,v1,164,42,103,19,0.11585365853658537
google/gemma-2-9b,livecodebench,v1,400,5,114,281,0.7025
google/gemma-2-9b,math,v1,1000,136,478,386,0.386
google/gemma-2-9b,math500,v1,500,55,212,233,0.466
google/gemma-2-9b,mbpp,v1,500,360,101,39,0.078
google/gemma-2-9b,mmlu_test,v1,969,929,39,1,0.0010319917440660474
google/gemma-2-9b,truthfulqa_mc,v1,817,662,146,9,0.011015911872705019
meta-llama/Llama-3.1-8B,agieval,v1,999,119,748,132,0.13213213213213212
meta-llama/Llama-3.1-8B,aime2024,v1,90,8,55,27,0.3
meta-llama/Llama-3.1-8B,arc_challenge,v1,1000,67,620,313,0.313
meta-llama/Llama-3.1-8B,bbh,v1,999,420,463,116,0.11611611611611612
meta-llama/Llama-3.1-8B,gsm8k_test,v1,1000,69,702,229,0.229
meta-llama/Llama-3.1-8B,hellaswag_val,v1,1000,923,77,0,0.0
meta-llama/Llama-3.1-8B,humaneval,v1,164,0,19,145,0.8841463414634146
meta-llama/Llama-3.1-8B,livecodebench,v1,400,2,39,359,0.8975
meta-llama/Llama-3.1-8B,math,v1,1000,13,126,861,0.861
meta-llama/Llama-3.1-8B,math500,v1,500,4,58,438,0.876
meta-llama/Llama-3.1-8B,mbpp,v1,500,118,264,118,0.236
meta-llama/Llama-3.1-8B,mmlu_test,v1,969,340,580,49,0.05056759545923633
meta-llama/Llama-3.1-8B,truthfulqa_mc,v1,817,102,551,164,0.200734394124847
microsoft/phi-4,agieval,v1,999,201,712,86,0.08608608608608609
microsoft/phi-4,aime2024,v1,90,16,27,47,0.5222222222222223
microsoft/phi-4,arc_challenge,v1,1000,40,553,407,0.407
microsoft/phi-4,bbh,v1,999,255,406,338,0.3383383383383383
microsoft/phi-4,gsm8k_test,v1,1000,42,464,494,0.494
microsoft/phi-4,hellaswag_val,v1,1000,372,606,22,0.022
microsoft/phi-4,humaneval,v1,164,2,28,134,0.8170731707317073
microsoft/phi-4,livecodebench,v1,400,5,45,350,0.875
microsoft/phi-4,math,v1,1000,5,62,933,0.933
microsoft/phi-4,math500,v1,500,3,27,470,0.94
microsoft/phi-4,mbpp,v1,500,51,242,207,0.414
microsoft/phi-4,mmlu_test,v1,969,440,450,79,0.08152734778121776
microsoft/phi-4,truthfulqa_mc,v1,817,122,571,124,0.15177478580171358
mistralai/Mistral-7B-v0.3,agieval,v1,999,90,714,195,0.19519519519519518
mistralai/Mistral-7B-v0.3,aime2024,v1,90,0,20,70,0.7777777777777778
mistralai/Mistral-7B-v0.3,arc_challenge,v1,1000,81,714,205,0.205
mistralai/Mistral-7B-v0.3,bbh,v1,999,292,418,289,0.28928928928928926
mistralai/Mistral-7B-v0.3,gsm8k_test,v1,1000,1,295,704,0.704
mistralai/Mistral-7B-v0.3,hellaswag_val,v1,1000,427,572,1,0.001
mistralai/Mistral-7B-v0.3,humaneval,v1,164,4,39,121,0.7378048780487805
mistralai/Mistral-7B-v0.3,livecodebench,v1,400,2,2,396,0.99
mistralai/Mistral-7B-v0.3,math,v1,1000,0,34,966,0.966
mistralai/Mistral-7B-v0.3,math500,v1,500,0,14,486,0.972
mistralai/Mistral-7B-v0.3,mbpp,v1,500,227,181,92,0.184
mistralai/Mistral-7B-v0.3,mmlu_test,v1,969,167,700,102,0.10526315789473684
mistralai/Mistral-7B-v0.3,truthfulqa_mc,v1,817,49,544,224,0.2741738066095471
EleutherAI/pythia-1b,agieval,v2,999,998,1,0,0.0
EleutherAI/pythia-1b,aime2024,v2,90,89,1,0,0.0
EleutherAI/pythia-1b,arc_challenge,v2,1000,978,22,0,0.0
EleutherAI/pythia-1b,bbh,v2,999,991,8,0,0.0
EleutherAI/pythia-1b,gsm8k_test,v2,1000,1000,0,0,0.0
EleutherAI/pythia-1b,hellaswag_val,v2,1000,1000,0,0,0.0
EleutherAI/pythia-1b,humaneval,v2,164,105,59,0,0.0
EleutherAI/pythia-1b,livecodebench,v2,400,270,130,0,0.0
EleutherAI/pythia-1b,math,v2,1000,725,264,11,0.011
EleutherAI/pythia-1b,math500,v2,500,337,157,6,0.012
EleutherAI/pythia-1b,mbpp,v2,500,402,97,1,0.002
EleutherAI/pythia-1b,mmlu_test,v2,969,969,0,0,0.0
EleutherAI/pythia-1b,truthfulqa_mc,v2,817,695,117,5,0.006119951040391677
EleutherAI/pythia-2.8b,agieval,v2,999,994,5,0,0.0
EleutherAI/pythia-2.8b,aime2024,v2,90,84,6,0,0.0
EleutherAI/pythia-2.8b,arc_challenge,v2,1000,949,50,1,0.001
EleutherAI/pythia-2.8b,bbh,v2,999,955,44,0,0.0
EleutherAI/pythia-2.8b,gsm8k_test,v2,1000,998,2,0,0.0
EleutherAI/pythia-2.8b,hellaswag_val,v2,1000,1000,0,0,0.0
EleutherAI/pythia-2.8b,humaneval,v2,164,71,91,2,0.012195121951219513
EleutherAI/pythia-2.8b,livecodebench,v2,400,156,240,4,0.01
EleutherAI/pythia-2.8b,math,v2,1000,510,461,29,0.029
EleutherAI/pythia-2.8b,math500,v2,500,241,239,20,0.04
EleutherAI/pythia-2.8b,mbpp,v2,500,388,110,2,0.004
EleutherAI/pythia-2.8b,mmlu_test,v2,969,964,5,0,0.0
EleutherAI/pythia-2.8b,truthfulqa_mc,v2,817,621,193,3,0.0036719706242350062
EleutherAI/pythia-410m,agieval,v2,999,998,1,0,0.0
EleutherAI/pythia-410m,aime2024,v2,90,90,0,0,0.0
EleutherAI/pythia-410m,arc_challenge,v2,1000,992,8,0,0.0
EleutherAI/pythia-410m,bbh,v2,999,998,1,0,0.0
EleutherAI/pythia-410m,gsm8k_test,v2,1000,1000,0,0,0.0
EleutherAI/pythia-410m,hellaswag_val,v2,1000,1000,0,0,0.0
EleutherAI/pythia-410m,humaneval,v2,164,132,32,0,0.0
EleutherAI/pythia-410m,livecodebench,v2,400,351,49,0,0.0
EleutherAI/pythia-410m,math,v2,1000,842,152,6,0.006
EleutherAI/pythia-410m,math500,v2,500,393,104,3,0.006
EleutherAI/pythia-410m,mbpp,v2,500,444,56,0,0.0
EleutherAI/pythia-410m,mmlu_test,v2,969,969,0,0,0.0
EleutherAI/pythia-410m,truthfulqa_mc,v2,817,749,67,1,0.0012239902080783353
EleutherAI/pythia-6.9b,agieval,v2,999,993,6,0,0.0
EleutherAI/pythia-6.9b,aime2024,v2,90,81,9,0,0.0
EleutherAI/pythia-6.9b,arc_challenge,v2,1000,926,73,1,0.001
EleutherAI/pythia-6.9b,bbh,v2,999,933,66,0,0.0
EleutherAI/pythia-6.9b,gsm8k_test,v2,1000,994,6,0,0.0
EleutherAI/pythia-6.9b,hellaswag_val,v2,1000,1000,0,0,0.0
EleutherAI/pythia-6.9b,humaneval,v2,164,59,102,3,0.018292682926829267
EleutherAI/pythia-6.9b,livecodebench,v2,400,125,263,12,0.03
EleutherAI/pythia-6.9b,math,v2,1000,386,571,43,0.043
EleutherAI/pythia-6.9b,math500,v2,500,190,277,33,0.066
EleutherAI/pythia-6.9b,mbpp,v2,500,316,182,2,0.004
EleutherAI/pythia-6.9b,mmlu_test,v2,969,960,9,0,0.0
EleutherAI/pythia-6.9b,truthfulqa_mc,v2,817,630,182,5,0.006119951040391677
EleutherAI/pythia-70m,agieval,v2,999,999,0,0,0.0
EleutherAI/pythia-70m,aime2024,v2,90,90,0,0,0.0
EleutherAI/pythia-70m,arc_challenge,v2,1000,1000,0,0,0.0
EleutherAI/pythia-70m,bbh,v2,999,999,0,0,0.0
EleutherAI/pythia-70m,gsm8k_test,v2,1000,1000,0,0,0.0
EleutherAI/pythia-70m,hellaswag_val,v2,1000,1000,0,0,0.0
EleutherAI/pythia-70m,humaneval,v2,164,164,0,0,0.0
EleutherAI/pythia-70m,livecodebench,v2,400,400,0,0,0.0
EleutherAI/pythia-70m,math,v2,1000,1000,0,0,0.0
EleutherAI/pythia-70m,math500,v2,500,500,0,0,0.0
EleutherAI/pythia-70m,mbpp,v2,500,500,0,0,0.0
EleutherAI/pythia-70m,mmlu_test,v2,969,969,0,0,0.0
EleutherAI/pythia-70m,truthfulqa_mc,v2,817,817,0,0,0.0
Qwen/Qwen2.5-14B,agieval,v2,999,856,116,27,0.02702702702702703
Qwen/Qwen2.5-14B,aime2024,v2,90,4,21,65,0.7222222222222222
Qwen/Qwen2.5-14B,arc_challenge,v2,1000,767,211,22,0.022
Qwen/Qwen2.5-14B,bbh,v2,999,780,217,2,0.002002002002002002
Qwen/Qwen2.5-14B,gsm8k_test,v2,1000,424,528,48,0.048
Qwen/Qwen2.5-14B,hellaswag_val,v2,1000,995,5,0,0.0
Qwen/Qwen2.5-14B,humaneval,v2,164,2,42,120,0.7317073170731707
Qwen/Qwen2.5-14B,livecodebench,v2,400,36,156,208,0.52
Qwen/Qwen2.5-14B,math,v2,1000,2,96,902,0.902
Qwen/Qwen2.5-14B,math500,v2,500,4,50,446,0.892
Qwen/Qwen2.5-14B,mbpp,v2,500,288,149,63,0.126
Qwen/Qwen2.5-14B,mmlu_test,v2,969,837,123,9,0.009287925696594427
Qwen/Qwen2.5-14B,truthfulqa_mc,v2,817,694,122,1,0.0012239902080783353
Qwen/Qwen2.5-7B,agieval,v2,999,851,119,29,0.02902902902902903
Qwen/Qwen2.5-7B,aime2024,v2,90,5,27,58,0.6444444444444445
Qwen/Qwen2.5-7B,arc_challenge,v2,1000,815,171,14,0.014
Qwen/Qwen2.5-7B,bbh,v2,999,763,223,13,0.013013013013013013
Qwen/Qwen2.5-7B,gsm8k_test,v2,1000,290,630,80,0.08
Qwen/Qwen2.5-7B,hellaswag_val,v2,1000,998,2,0,0.0
Qwen/Qwen2.5-7B,humaneval,v2,164,1,61,102,0.6219512195121951
Qwen/Qwen2.5-7B,livecodebench,v2,400,28,158,214,0.535
Qwen/Qwen2.5-7B,math,v2,1000,2,126,872,0.872
Qwen/Qwen2.5-7B,math500,v2,500,3,60,437,0.874
Qwen/Qwen2.5-7B,mbpp,v2,500,353,100,47,0.094
Qwen/Qwen2.5-7B,mmlu_test,v2,969,832,133,4,0.0041279669762641896
Qwen/Qwen2.5-7B,truthfulqa_mc,v2,817,738,77,2,0.0024479804161566705
allenai/OLMo-2-1124-7B,agieval,v2,999,912,77,10,0.01001001001001001
allenai/OLMo-2-1124-7B,aime2024,v2,90,43,41,6,0.06666666666666667
allenai/OLMo-2-1124-7B,arc_challenge,v2,1000,812,186,2,0.002
allenai/OLMo-2-1124-7B,bbh,v2,999,853,146,0,0.0
allenai/OLMo-2-1124-7B,gsm8k_test,v2,1000,205,669,126,0.126
allenai/OLMo-2-1124-7B,hellaswag_val,v2,1000,1000,0,0,0.0
allenai/OLMo-2-1124-7B,humaneval,v2,164,74,88,2,0.012195121951219513
allenai/OLMo-2-1124-7B,livecodebench,v2,400,66,287,47,0.1175
allenai/OLMo-2-1124-7B,math,v2,1000,58,470,472,0.472
allenai/OLMo-2-1124-7B,math500,v2,500,34,220,246,0.492
allenai/OLMo-2-1124-7B,mbpp,v2,500,477,22,1,0.002
allenai/OLMo-2-1124-7B,mmlu_test,v2,969,914,55,0,0.0
allenai/OLMo-2-1124-7B,truthfulqa_mc,v2,817,479,329,9,0.011015911872705019
deepseek-ai/DeepSeek-R1-Distill-Qwen-7B,agieval,v2,999,978,21,0,0.0
deepseek-ai/DeepSeek-R1-Distill-Qwen-7B,aime2024,v2,90,65,25,0,0.0
deepseek-ai/DeepSeek-R1-Distill-Qwen-7B,arc_challenge,v2,1000,997,3,0,0.0
deepseek-ai/DeepSeek-R1-Distill-Qwen-7B,bbh,v2,999,996,3,0,0.0
deepseek-ai/DeepSeek-R1-Distill-Qwen-7B,gsm8k_test,v2,1000,956,44,0,0.0
deepseek-ai/DeepSeek-R1-Distill-Qwen-7B,hellaswag_val,v2,1000,1000,0,0,0.0
deepseek-ai/DeepSeek-R1-Distill-Qwen-7B,humaneval,v2,164,137,27,0,0.0
deepseek-ai/DeepSeek-R1-Distill-Qwen-7B,livecodebench,v2,400,231,162,7,0.0175
deepseek-ai/DeepSeek-R1-Distill-Qwen-7B,math,v2,1000,396,529,75,0.075
deepseek-ai/DeepSeek-R1-Distill-Qwen-7B,math500,v2,500,185,256,59,0.118
deepseek-ai/DeepSeek-R1-Distill-Qwen-7B,mbpp,v2,500,498,2,0,0.0
deepseek-ai/DeepSeek-R1-Distill-Qwen-7B,mmlu_test,v2,969,968,1,0,0.0
deepseek-ai/DeepSeek-R1-Distill-Qwen-7B,truthfulqa_mc,v2,817,813,4,0,0.0
google/gemma-2-27b,agieval,v2,999,984,13,2,0.002002002002002002
google/gemma-2-27b,aime2024,v2,90,74,16,0,0.0
google/gemma-2-27b,arc_challenge,v2,1000,984,16,0,0.0
google/gemma-2-27b,bbh,v2,999,994,5,0,0.0
google/gemma-2-27b,gsm8k_test,v2,1000,893,107,0,0.0
google/gemma-2-27b,hellaswag_val,v2,1000,1000,0,0,0.0
google/gemma-2-27b,humaneval,v2,164,89,73,2,0.012195121951219513
google/gemma-2-27b,livecodebench,v2,400,32,247,121,0.3025
google/gemma-2-27b,math,v2,1000,423,419,158,0.158
google/gemma-2-27b,math500,v2,500,192,199,109,0.218
google/gemma-2-27b,mbpp,v2,500,409,78,13,0.026
google/gemma-2-27b,mmlu_test,v2,969,964,5,0,0.0
google/gemma-2-27b,truthfulqa_mc,v2,817,805,12,0,0.0
google/gemma-2-9b,agieval,v2,999,997,2,0,0.0
google/gemma-2-9b,aime2024,v2,90,88,2,0,0.0
google/gemma-2-9b,arc_challenge,v2,1000,997,3,0,0.0
google/gemma-2-9b,bbh,v2,999,998,1,0,0.0
google/gemma-2-9b,gsm8k_test,v2,1000,951,49,0,0.0
google/gemma-2-9b,hellaswag_val,v2,1000,1000,0,0,0.0
google/gemma-2-9b,humaneval,v2,164,149,15,0,0.0
google/gemma-2-9b,livecodebench,v2,400,132,246,22,0.055
google/gemma-2-9b,math,v2,1000,652,260,88,0.088
google/gemma-2-9b,math500,v2,500,288,150,62,0.124
google/gemma-2-9b,mbpp,v2,500,466,31,3,0.006
google/gemma-2-9b,mmlu_test,v2,969,969,0,0,0.0
google/gemma-2-9b,truthfulqa_mc,v2,817,807,10,0,0.0
meta-llama/Llama-3.1-8B,agieval,v2,999,892,102,5,0.005005005005005005
meta-llama/Llama-3.1-8B,aime2024,v2,90,72,16,2,0.022222222222222223
meta-llama/Llama-3.1-8B,arc_challenge,v2,1000,726,260,14,0.014
meta-llama/Llama-3.1-8B,bbh,v2,999,900,99,0,0.0
meta-llama/Llama-3.1-8B,gsm8k_test,v2,1000,827,173,0,0.0
meta-llama/Llama-3.1-8B,hellaswag_val,v2,1000,1000,0,0,0.0
meta-llama/Llama-3.1-8B,humaneval,v2,164,19,121,24,0.14634146341463414
meta-llama/Llama-3.1-8B,livecodebench,v2,400,42,274,84,0.21
meta-llama/Llama-3.1-8B,math,v2,1000,171,615,214,0.214
meta-llama/Llama-3.1-8B,math500,v2,500,73,298,129,0.258
meta-llama/Llama-3.1-8B,mbpp,v2,500,397,92,11,0.022
meta-llama/Llama-3.1-8B,mmlu_test,v2,969,931,32,6,0.006191950464396285
meta-llama/Llama-3.1-8B,truthfulqa_mc,v2,817,669,146,2,0.0024479804161566705
microsoft/phi-4,agieval,v2,999,930,63,6,0.006006006006006006
microsoft/phi-4,aime2024,v2,90,48,29,13,0.14444444444444443
microsoft/phi-4,arc_challenge,v2,1000,637,333,30,0.03
microsoft/phi-4,bbh,v2,999,686,255,58,0.05805805805805806
microsoft/phi-4,gsm8k_test,v2,1000,589,404,7,0.007
microsoft/phi-4,hellaswag_val,v2,1000,990,10,0,0.0
microsoft/phi-4,humaneval,v2,164,33,111,20,0.12195121951219512
microsoft/phi-4,livecodebench,v2,400,63,251,86,0.215
microsoft/phi-4,math,v2,1000,94,436,470,0.47
microsoft/phi-4,math500,v2,500,43,185,272,0.544
microsoft/phi-4,mbpp,v2,500,303,154,43,0.086
microsoft/phi-4,mmlu_test,v2,969,908,55,6,0.006191950464396285
microsoft/phi-4,truthfulqa_mc,v2,817,704,112,1,0.0012239902080783353
mistralai/Mistral-7B-v0.3,agieval,v2,999,848,147,4,0.004004004004004004
mistralai/Mistral-7B-v0.3,aime2024,v2,90,25,62,3,0.03333333333333333
mistralai/Mistral-7B-v0.3,arc_challenge,v2,1000,833,165,2,0.002
mistralai/Mistral-7B-v0.3,bbh,v2,999,746,253,0,0.0
mistralai/Mistral-7B-v0.3,gsm8k_test,v2,1000,400,588,12,0.012
mistralai/Mistral-7B-v0.3,hellaswag_val,v2,1000,1000,0,0,0.0
mistralai/Mistral-7B-v0.3,humaneval,v2,164,51,102,11,0.06707317073170732
mistralai/Mistral-7B-v0.3,livecodebench,v2,400,2,146,252,0.63
mistralai/Mistral-7B-v0.3,math,v2,1000,49,598,353,0.353
mistralai/Mistral-7B-v0.3,math500,v2,500,20,278,202,0.404
mistralai/Mistral-7B-v0.3,mbpp,v2,500,417,75,8,0.016
mistralai/Mistral-7B-v0.3,mmlu_test,v2,969,888,76,5,0.005159958720330237
mistralai/Mistral-7B-v0.3,truthfulqa_mc,v2,817,621,192,4,0.004895960832313341
