benchmark,mink_10_gap,mink_10_p,mink_20_gap,mink_20_p,mink_30_gap,mink_30_p,mink_50_gap,mink_50_p,mink_5_gap,mink_5_p,model,n_clean,n_contam,v2_gap,v2_p
gsm8k_test,0.0,0.7494,0.005,0.8744,0.0,0.7574,0.005,0.8738,0.005,0.8792,EleutherAI__pythia-1b,500,500,-0.006,0.2466
mmlu_test,-0.1185567010309278,0.0022,-0.05670103092783507,0.1114,-0.041237113402061876,0.1984,0.005154639175257741,0.608,-0.10309278350515463,0.0092,EleutherAI__pythia-1b,485,485,0.004123711340206199,0.5848
hellaswag_val,-0.065,0.0004,-0.08,0.0,-0.07,0.0004,-0.065,0.0018,-0.010000000000000002,0.374,EleutherAI__pythia-1b,500,500,0.03,0.9994
arc_challenge,0.03,0.7916,0.03,0.8054,0.004999999999999977,0.5978,0.014999999999999986,0.6718,-0.02380597014925373,0.3292,EleutherAI__pythia-1b,500,500,0.015999999999999986,0.7558
humaneval,0.09090909090909091,1.0,0.09090909090909091,1.0,0.09090909090909091,1.0,0.06060606060606061,1.0,0.030303030303030304,0.8834,EleutherAI__pythia-1b,82,82,-0.024390243902439022,0.2886
mbpp,0.0,1.0,0.0,1.0,0.0,1.0,0.0,1.0,0.0,1.0,EleutherAI__pythia-1b,250,250,0.0,1.0
gsm8k_test,0.01,0.8932,0.005000000000000001,0.7822,-0.004999999999999999,0.4962,-0.015,0.173,0.015,0.97,EleutherAI__pythia-2.8b,500,500,-0.009999999999999998,0.168
mmlu_test,-0.020618556701030938,0.3626,-0.030927835051546393,0.256,-0.04639175257731959,0.1636,-0.04123711340206185,0.1952,-0.06701030927835053,0.0654,EleutherAI__pythia-2.8b,485,485,0.022680412371134023,0.8106
hellaswag_val,-0.13499999999999998,0.0002,-0.17,0.0,-0.15500000000000003,0.0,-0.12500000000000003,0.0012,-0.10499999999999998,0.0068,EleutherAI__pythia-2.8b,500,500,0.092,1.0
arc_challenge,-0.04999999999999999,0.151,-0.010000000000000009,0.4564,-0.04000000000000001,0.19,-0.040000000000000036,0.216,-0.034999999999999976,0.2488,EleutherAI__pythia-2.8b,500,500,0.036000000000000004,0.9168
humaneval,0.06060606060606061,0.9432,0.09090909090909091,1.0,0.09090909090909091,1.0,0.12121212121212122,1.0,0.0,0.7502,EleutherAI__pythia-2.8b,82,82,-0.03658536585365854,0.1842
gsm8k_test,0.01,0.8938,0.01,0.8932,0.01,0.8914,0.01,0.8908,0.01,0.8914,EleutherAI__pythia-410m,500,500,-0.004,0.3788
mmlu_test,-0.04123711340206185,0.1726,-0.05670103092783507,0.0884,-0.04639175257731959,0.1366,0.010309278350515455,0.661,-0.07216494845360824,0.0454,EleutherAI__pythia-410m,485,485,-0.006185567010309284,0.4356
hellaswag_val,-0.035,0.0216,-0.04,0.004,-0.04,0.0032,-0.05,0.0006,-0.01,0.3434,EleutherAI__pythia-410m,500,500,0.03,1.0
arc_challenge,-0.020000000000000018,0.3478,0.0,0.5576,-0.03,0.2876,0.020000000000000018,0.7352,-0.0050000000000000044,0.5008,EleutherAI__pythia-410m,500,500,-0.020000000000000018,0.249
humaneval,0.030303030303030304,1.0,0.030303030303030304,1.0,0.030303030303030304,1.0,0.030303030303030304,1.0,0.0,0.7536,EleutherAI__pythia-410m,82,82,0.0,0.7332
gsm8k_test,0.0,0.6898,-0.004999999999999999,0.4984,-0.004999999999999999,0.499,-0.01,0.339,0.005,0.8752,EleutherAI__pythia-6.9b,500,500,-0.004,0.403
mmlu_test,-0.1288659793814433,0.002,-0.09793814432989689,0.0088,-0.11340206185567009,0.0048,-0.06701030927835053,0.062,-0.07731958762886598,0.0404,EleutherAI__pythia-6.9b,485,485,0.08041237113402061,0.9992
hellaswag_val,-0.10499999999999998,0.0008,-0.135,0.0,-0.145,0.0,-0.13,0.0,-0.075,0.0058,EleutherAI__pythia-6.9b,500,500,0.074,1.0
arc_challenge,0.014999999999999986,0.6936,-0.010000000000000009,0.4446,-0.010000000000000009,0.4498,-0.025000000000000022,0.2982,0.06,0.9554,EleutherAI__pythia-6.9b,500,500,-0.016000000000000014,0.298
humaneval,0.09090909090909091,1.0,0.09090909090909091,1.0,0.12121212121212122,1.0,0.09090909090909091,1.0,0.0,0.7596,EleutherAI__pythia-6.9b,82,82,-0.06097560975609756,0.0544
mbpp,0.0,1.0,0.0,1.0,0.0,1.0,0.0,1.0,0.0,1.0,EleutherAI__pythia-6.9b,250,250,0.0,1.0
gsm8k_test,0.0,1.0,0.0,1.0,-0.005,0.511,-0.005,0.4986,0.0,1.0,EleutherAI__pythia-70m,500,500,0.002,1.0
mmlu_test,-0.005154639175257732,0.5076,0.0,0.7554,0.005154639175257732,0.8772,0.005154639175257732,0.88,0.0,0.7592,EleutherAI__pythia-70m,485,485,-0.002061855670103093,0.4944
hellaswag_val,0.0,1.0,0.0,1.0,0.0,1.0,0.005,1.0,0.0,1.0,EleutherAI__pythia-70m,500,500,-0.002,0.4926
arc_challenge,0.0,1.0,0.0,1.0,0.0,1.0,0.0,1.0,0.0,1.0,EleutherAI__pythia-70m,500,500,0.0,1.0
humaneval,0.0,1.0,0.0,1.0,0.0,1.0,0.0,1.0,0.0,1.0,EleutherAI__pythia-70m,82,82,0.0,1.0
gsm8k_test,0.005,1.0,-0.005,0.5038,-0.005,0.5038,-0.005,0.5038,0.015,1.0,Qwen__Qwen2.5-14B,500,500,-0.002,0.4962
mmlu_test,0.015463917525773141,0.6828,-0.015463917525773252,0.4098,0.020618556701030966,0.7172,-0.005154639175257714,0.4968,-0.005154639175257714,0.499,Qwen__Qwen2.5-14B,485,485,0.02268041237113394,0.8204
hellaswag_val,0.09499999999999997,0.9996,0.15499999999999992,1.0,0.16999999999999993,1.0,0.17999999999999994,1.0,-0.025000000000000022,0.2532,Qwen__Qwen2.5-14B,500,500,-0.05999999999999994,0.0014
arc_challenge,0.009999999999999898,0.7428,0.03500000000000003,0.9256,0.04500000000000004,0.9622,0.030000000000000027,0.8996,0.029999999999999916,0.9182,Qwen__Qwen2.5-14B,500,500,-0.027999999999999914,0.0488
humaneval,-0.09090909090909091,0.2526,-0.09090909090909091,0.237,-0.12121212121212122,0.1326,-0.15151515151515152,0.0794,-0.12121212121212122,0.1764,Qwen__Qwen2.5-14B,82,82,0.060975609756097546,0.9306
mbpp,0.01,1.0,0.01,1.0,0.01,1.0,0.01,1.0,0.0,1.0,Qwen__Qwen2.5-14B,250,250,-0.004,0.4938
gsm8k_test,-0.0049999999999999975,0.4998,0.0,0.6264,0.0049999999999999975,0.7304,0.0049999999999999975,0.7314,-0.010000000000000002,0.3794,Qwen__Qwen2.5-7B,500,500,-0.004,0.4206
mmlu_test,-0.10824742268041243,0.0128,-0.17525773195876293,0.0002,-0.1649484536082474,0.0004,-0.1649484536082475,0.0,-0.11855670103092786,0.0096,Qwen__Qwen2.5-7B,485,485,0.10103092783505152,0.9998
hellaswag_val,0.16000000000000003,1.0,0.20500000000000007,1.0,0.22000000000000008,1.0,0.20500000000000007,1.0,0.09999999999999998,0.9978,Qwen__Qwen2.5-7B,500,500,-0.10199999999999998,0.0
arc_challenge,-0.025000000000000022,0.2706,0.0,0.5392,0.0050000000000000044,0.6026,-0.0050000000000000044,0.497,-0.015000000000000013,0.3886,Qwen__Qwen2.5-7B,500,500,0.006000000000000005,0.6456
humaneval,0.0,0.6916,-0.06060606060606061,0.333,-0.030303030303030304,0.491,-0.06060606060606061,0.344,0.030303030303030304,0.7606,Qwen__Qwen2.5-7B,82,82,0.03658536585365854,0.8532
mbpp,0.03,0.9702,0.04,1.0,0.04,1.0,0.04,1.0,0.019999999999999997,0.9366,Qwen__Qwen2.5-7B,250,250,-0.02,0.0624
gsm8k_test,0.08000000000000002,0.9622,0.14499999999999996,0.9994,0.14499999999999996,0.9988,0.18499999999999997,1.0,0.03999999999999998,0.8262,allenai__OLMo-2-1124-7B,500,500,-0.08399999999999996,0.0022
mmlu_test,-0.08247422680412375,0.0622,-0.14432989690721654,0.0038,-0.14948453608247425,0.0024,-0.1391752577319587,0.0032,0.0,0.5454,allenai__OLMo-2-1124-7B,485,485,0.03711340206185565,0.8914
hellaswag_val,0.08999999999999997,0.9716,0.029999999999999916,0.7604,0.020000000000000018,0.69,0.03499999999999992,0.7918,0.07999999999999996,0.9582,allenai__OLMo-2-1124-7B,500,500,-0.08599999999999997,0.003
arc_challenge,-0.04500000000000004,0.1744,-0.050000000000000044,0.1502,-0.050000000000000044,0.1568,-0.06000000000000005,0.1056,-0.030000000000000027,0.2824,allenai__OLMo-2-1124-7B,500,500,0.008000000000000007,0.6498
humaneval,0.09090909090909091,1.0,0.09090909090909091,1.0,0.09090909090909091,1.0,0.09090909090909091,1.0,0.06060606060606061,0.9438,allenai__OLMo-2-1124-7B,82,82,-0.012195121951219516,0.4884
mbpp,0.0,1.0,0.0,1.0,0.0,1.0,0.0,1.0,0.0,1.0,allenai__OLMo-2-1124-7B,250,250,0.0,1.0
gsm8k_test,-0.065,0.026,-0.06,0.0292,-0.06,0.0298,-0.06000000000000001,0.0388,-0.09,0.0042,deepseek-ai__DeepSeek-R1-Distill-Qwen-7B,500,500,0.046,0.9914
mmlu_test,-0.05154639175257725,0.1744,-0.05154639175257736,0.1844,-0.030927835051546393,0.306,-0.015463917525773252,0.4052,-0.017138521115704686,0.4108,deepseek-ai__DeepSeek-R1-Distill-Qwen-7B,485,485,-0.020618556701030855,0.2848
hellaswag_val,0.040000000000000036,0.8216,0.04500000000000004,0.8424,0.05499999999999999,0.8964,0.02999999999999997,0.7602,0.09499999999999997,0.9812,deepseek-ai__DeepSeek-R1-Distill-Qwen-7B,500,500,-0.016000000000000014,0.3346
arc_challenge,0.019999999999999907,0.7018,0.0,0.5428,0.0050000000000000044,0.5792,0.039999999999999925,0.8304,0.020000000000000018,0.7016,deepseek-ai__DeepSeek-R1-Distill-Qwen-7B,500,500,-0.051999999999999935,0.043
humaneval,-0.030303030303030304,0.499,0.030303030303030304,0.8808,0.030303030303030304,0.8766,0.030303030303030304,0.8778,-0.06060606060606061,0.3016,deepseek-ai__DeepSeek-R1-Distill-Qwen-7B,82,82,0.01219512195121951,0.7562
mbpp,0.0,1.0,0.0,1.0,0.0,1.0,0.0,1.0,0.0,1.0,deepseek-ai__DeepSeek-R1-Distill-Qwen-7B,250,250,0.0,1.0
gsm8k_test,-0.21500000000000008,0.0,-0.17000000000000004,0.0004,-0.13,0.0032,-0.09999999999999998,0.0178,-0.18000000000000005,0.0,google__gemma-2-27b,500,500,0.05999999999999994,0.9836
mmlu_test,-0.1649484536082474,0.0,-0.14948453608247414,0.0006,-0.15979381443298968,0.0002,-0.134020618556701,0.0022,-0.10309278350515472,0.0122,google__gemma-2-27b,485,485,0.06597938144329896,0.9934
hellaswag_val,0.2300000000000001,1.0,0.25,1.0,0.25,1.0,0.245,1.0,0.09999999999999998,0.994,google__gemma-2-27b,500,500,-0.14,0.0
arc_challenge,0.0,0.5728,0.03500000000000003,0.8854,0.020000000000000018,0.77,0.010000000000000009,0.675,0.0,0.5608,google__gemma-2-27b,500,500,-0.016000000000000014,0.2232
humaneval,-0.12121212121212122,0.1018,0.0,0.6922,0.0,0.6896,0.0,0.6932,-0.15151515151515152,0.0518,google__gemma-2-27b,82,82,0.0975609756097561,0.9968
mbpp,0.0,1.0,0.0,1.0,0.0,1.0,0.0,1.0,0.0,1.0,google__gemma-2-27b,250,250,0.0,1.0
gsm8k_test,-0.275,0.0,-0.25,0.0,-0.21999999999999997,0.0,-0.17500000000000004,0.0,-0.30000000000000004,0.0,google__gemma-2-9b,500,500,0.10799999999999998,1.0
mmlu_test,-0.1391752577319587,0.0012,-0.17525773195876293,0.0004,-0.15463917525773196,0.0008,-0.12886597938144329,0.0056,-0.08153110670265706,0.031,google__gemma-2-9b,485,485,0.11340206185567003,0.9998
hellaswag_val,0.17999999999999994,1.0,0.19499999999999995,1.0,0.235,1.0,0.22999999999999998,1.0,0.18182119205298009,1.0,google__gemma-2-9b,500,500,-0.11399999999999999,0.0002
arc_challenge,-0.05500000000000005,0.0612,-0.050000000000000044,0.0914,-0.03500000000000003,0.1914,-0.03500000000000003,0.1938,-0.025000000000000022,0.2742,google__gemma-2-9b,500,500,0.0040000000000000036,0.6226
humaneval,0.0,0.634,-0.030303030303030304,0.4916,0.0,0.699,0.06060606060606061,0.9438,-0.09090909090909091,0.2114,google__gemma-2-9b,82,82,0.04878048780487805,0.9398
mbpp,0.0,1.0,0.0,1.0,0.0,1.0,0.0,1.0,0.0,1.0,google__gemma-2-9b,250,250,0.0,1.0
gsm8k_test,-0.13999999999999999,0.0002,-0.135,0.0006,-0.11499999999999999,0.0012,-0.12,0.0008,-0.18999999999999997,0.0,meta-llama__Llama-3.1-8B,500,500,0.10399999999999998,1.0
mmlu_test,-0.08762886597938147,0.046,-0.1391752577319587,0.0034,-0.1391752577319587,0.0038,-0.12371134020618557,0.008,-0.04651498736005777,0.197,meta-llama__Llama-3.1-8B,485,485,0.0597938144329897,0.9824
hellaswag_val,0.0050000000000000044,0.5854,-0.12,0.0114,-0.12,0.0078,-0.125,0.0078,0.09499999999999997,0.9768,meta-llama__Llama-3.1-8B,500,500,0.033999999999999975,0.8712
arc_challenge,-0.0050000000000000044,0.501,-0.010000000000000009,0.455,0.0050000000000000044,0.606,0.030000000000000027,0.7944,-0.020000000000000018,0.3486,meta-llama__Llama-3.1-8B,500,500,-0.0040000000000000036,0.4766
humaneval,0.030303030303030304,0.7832,0.030303030303030304,0.7868,0.09090909090909091,0.9272,0.12121212121212122,0.9866,0.030303030303030304,0.7868,meta-llama__Llama-3.1-8B,82,82,-0.03658536585365854,0.2926
mbpp,0.0,1.0,0.0,1.0,0.0,1.0,0.0,1.0,0.0,1.0,meta-llama__Llama-3.1-8B,250,250,0.0,1.0
gsm8k_test,-0.33499999999999996,0.0,-0.325,0.0,-0.33,0.0,-0.32,0.0,-0.3,0.0,microsoft__phi-4,500,500,0.17800000000000005,1.0
mmlu_test,-0.14432989690721643,0.0,-0.14948453608247425,0.0006,-0.18041237113402064,0.0,-0.17525773195876282,0.0,-0.1649484536082474,0.0006,microsoft__phi-4,485,485,0.1175257731958762,1.0
hellaswag_val,-0.034999999999999996,0.0686,-0.035,0.0538,-0.045,0.0156,-0.039999999999999994,0.0416,-0.05,0.0096,microsoft__phi-4,500,500,0.019999999999999997,0.9738
arc_challenge,0.04999999999999999,0.8796,0.07,0.9448,0.08500000000000002,0.9738,0.08000000000000002,0.9706,0.05499999999999999,0.913,microsoft__phi-4,500,500,-0.05799999999999997,0.0258
humaneval,0.030303030303030304,0.8206,0.06060606060606061,0.9036,0.06060606060606061,0.9046,0.030303030303030304,0.7806,0.0,0.6648,microsoft__phi-4,82,82,0.01219512195121951,0.7028
mbpp,0.0,1.0,0.0,1.0,0.0,1.0,0.0,1.0,0.0,1.0,microsoft__phi-4,250,250,0.0,1.0
gsm8k_test,-0.12,0.0,-0.12,0.0,-0.13,0.0,-0.14500000000000002,0.0,-0.125,0.0,mistralai__Mistral-7B-v0.3,500,500,0.07200000000000001,1.0
mmlu_test,-0.21649484536082475,0.0,-0.2938144329896907,0.0,-0.288659793814433,0.0,-0.22164948453608252,0.0,-0.09778034925310325,0.0312,mistralai__Mistral-7B-v0.3,485,485,0.13195876288659797,1.0
hellaswag_val,-0.15,0.0006,-0.08999999999999997,0.0428,-0.08500000000000002,0.0478,-0.07500000000000001,0.067,-0.12877358490566035,0.0034,mistralai__Mistral-7B-v0.3,500,500,0.04199999999999998,0.9278
arc_challenge,0.0,0.5462,-0.040000000000000036,0.228,-0.019999999999999907,0.368,-0.015000000000000013,0.4192,0.04500000000000004,0.8636,mistralai__Mistral-7B-v0.3,500,500,-0.02200000000000002,0.2384
humaneval,-0.030303030303030304,0.4922,-0.030303030303030304,0.502,-0.030303030303030304,0.4938,0.0,0.6452,-0.030303030303030304,0.4914,mistralai__Mistral-7B-v0.3,82,82,0.024390243902439032,0.7972
mbpp,0.0,1.0,0.0,1.0,0.0,1.0,0.0,1.0,0.0,1.0,mistralai__Mistral-7B-v0.3,250,250,0.0,1.0
