model,benchmark,detector,n_clean,n_contam,clean_acc,contam_acc,obs_gap,ci_low,ci_high,perm_p
01-ai__Yi-1.5-9B,gsm8k_test,mink_5,500,500,0.308,0.4,-0.09200000000000003,-0.14999999999999997,-0.033999999999999975,0.0012
01-ai__Yi-1.5-9B,gsm8k_test,mink_10,500,500,0.314,0.394,-0.08000000000000002,-0.138,-0.02200000000000002,0.0042
01-ai__Yi-1.5-9B,gsm8k_test,mink_20,500,500,0.322,0.386,-0.064,-0.122,-0.0020000000000000005,0.0186
01-ai__Yi-1.5-9B,gsm8k_test,mink_30,500,500,0.322,0.386,-0.064,-0.122,-0.005950000000000224,0.0214
01-ai__Yi-1.5-9B,gsm8k_test,mink_50,500,500,0.328,0.38,-0.05199999999999999,-0.11199999999999999,0.007999999999999952,0.056
01-ai__Yi-1.5-9B,gsm8k_test,v2_ensemble,443,33,0.39954853273137697,0.15151515151515152,0.24803338121622545,0.11457692044599493,0.37054518092892813,0.9992
01-ai__Yi-1.5-9B,mmlu_test,mink_5,484,485,0.6735537190082644,0.7072164948453609,-0.033662775837096426,-0.09156311237965417,0.024116149782738253,0.1502
01-ai__Yi-1.5-9B,mmlu_test,mink_10,484,485,0.6590909090909091,0.7216494845360825,-0.0625585754451734,-0.12239094317116808,-0.004779436823719914,0.0184
01-ai__Yi-1.5-9B,mmlu_test,mink_20,484,485,0.6425619834710744,0.7381443298969073,-0.09558234642583285,-0.1533997188378631,-0.037798947772003065,0.0008
01-ai__Yi-1.5-9B,mmlu_test,mink_30,484,485,0.6363636363636364,0.7443298969072165,-0.10796626054358016,-0.16378897929624261,-0.052299458975888176,0.0006
01-ai__Yi-1.5-9B,mmlu_test,mink_50,484,485,0.6322314049586777,0.7484536082474227,-0.116222203288745,-0.17195258583965242,-0.05833858737326439,0.0002
01-ai__Yi-1.5-9B,hellaswag_val,mink_5,500,500,0.81,0.758,0.052000000000000046,0.0020000000000000018,0.10204999999999982,0.979
01-ai__Yi-1.5-9B,hellaswag_val,mink_10,500,500,0.81,0.758,0.052000000000000046,0.0040000000000000036,0.10199999999999998,0.9796
01-ai__Yi-1.5-9B,hellaswag_val,mink_20,500,500,0.818,0.75,0.06799999999999995,0.018000000000000016,0.118,0.9972
01-ai__Yi-1.5-9B,hellaswag_val,mink_30,500,500,0.806,0.762,0.04400000000000004,-0.010000000000000009,0.09599999999999997,0.9622
01-ai__Yi-1.5-9B,hellaswag_val,mink_50,500,500,0.812,0.756,0.05600000000000005,0.0020000000000000018,0.10604999999999971,0.9864
01-ai__Yi-1.5-9B,arc_challenge,mink_5,500,500,0.888,0.886,0.0020000000000000018,-0.038000000000000034,0.040000000000000036,0.5836
01-ai__Yi-1.5-9B,arc_challenge,mink_10,500,500,0.892,0.882,0.010000000000000009,-0.030000000000000027,0.050000000000000044,0.7278
01-ai__Yi-1.5-9B,arc_challenge,mink_20,500,500,0.892,0.882,0.010000000000000009,-0.030000000000000027,0.048049999999999767,0.722
01-ai__Yi-1.5-9B,arc_challenge,mink_30,500,500,0.892,0.882,0.010000000000000009,-0.030000000000000027,0.04800000000000004,0.7202
01-ai__Yi-1.5-9B,arc_challenge,mink_50,500,500,0.89,0.884,0.006000000000000005,-0.03400000000000003,0.04200000000000004,0.6542
01-ai__Yi-1.5-9B,humaneval,mink_5,82,82,0.10975609756097561,0.0975609756097561,0.01219512195121951,-0.07317073170731708,0.10975609756097561,0.6958
01-ai__Yi-1.5-9B,humaneval,mink_10,82,82,0.13414634146341464,0.07317073170731707,0.060975609756097573,-0.024390243902439032,0.15853658536585366,0.9392
01-ai__Yi-1.5-9B,humaneval,mink_20,82,82,0.13414634146341464,0.07317073170731707,0.060975609756097573,-0.024390243902439032,0.15853658536585363,0.944
01-ai__Yi-1.5-9B,humaneval,mink_30,82,82,0.13414634146341464,0.07317073170731707,0.060975609756097573,-0.03658536585365853,0.14634146341463417,0.9388
01-ai__Yi-1.5-9B,humaneval,mink_50,82,82,0.14634146341463414,0.06097560975609756,0.08536585365853658,-0.01219512195121951,0.18292682926829268,0.9762
01-ai__Yi-1.5-9B,mbpp,mink_5,250,250,0.0,0.0,0.0,0.0,0.0,1.0
01-ai__Yi-1.5-9B,mbpp,mink_10,250,250,0.0,0.0,0.0,0.0,0.0,1.0
01-ai__Yi-1.5-9B,mbpp,mink_20,250,250,0.0,0.0,0.0,0.0,0.0,1.0
01-ai__Yi-1.5-9B,mbpp,mink_30,250,250,0.0,0.0,0.0,0.0,0.0,1.0
01-ai__Yi-1.5-9B,mbpp,mink_50,250,250,0.0,0.0,0.0,0.0,0.0,1.0
01-ai__Yi-1.5-9B,mbpp,v2_ensemble,264,84,0.0,0.0,0.0,0.0,0.0,1.0
01-ai__Yi-1.5-9B,truthfulqa_mc,mink_5,408,409,0.553921568627451,0.5183374083129584,0.03558416031449263,-0.030544519152404297,0.10165276379500449,0.863
01-ai__Yi-1.5-9B,truthfulqa_mc,mink_10,408,409,0.5392156862745098,0.5330073349633252,0.006208351311184579,-0.062425391917158006,0.07483625173785889,0.594
01-ai__Yi-1.5-9B,truthfulqa_mc,mink_20,408,409,0.5441176470588235,0.5281173594132029,0.01600028764562056,-0.05010442135289327,0.08209900402703874,0.6964
01-ai__Yi-1.5-9B,truthfulqa_mc,mink_30,408,409,0.5416666666666666,0.530562347188264,0.011104319478402624,-0.05497701831343791,0.07491085982070063,0.645
01-ai__Yi-1.5-9B,truthfulqa_mc,mink_50,408,409,0.5416666666666666,0.530562347188264,0.011104319478402624,-0.05743968430893141,0.08207533318951048,0.6462
EleutherAI__pythia-1b,gsm8k_test,mink_5,500,500,0.012,0.006,0.006,-0.004,0.018000000000000002,0.9166
EleutherAI__pythia-1b,gsm8k_test,mink_10,500,500,0.01,0.008,0.002,-0.01,0.013999999999999999,0.7426
EleutherAI__pythia-1b,gsm8k_test,mink_20,500,500,0.01,0.008,0.002,-0.01,0.014,0.7464
EleutherAI__pythia-1b,gsm8k_test,mink_30,500,500,0.014,0.004,0.01,-0.002,0.022,0.9812
EleutherAI__pythia-1b,gsm8k_test,mink_50,500,500,0.016,0.002,0.014,0.004,0.026000000000000002,0.9984
EleutherAI__pythia-1b,mmlu_test,mink_5,484,485,0.22727272727272727,0.2309278350515464,-0.003655107778819139,-0.055361676748743274,0.04804347363039935,0.484
EleutherAI__pythia-1b,mmlu_test,mink_10,484,485,0.2190082644628099,0.23917525773195877,-0.020166993269148864,-0.07599663457442277,0.035554336712959,0.2458
EleutherAI__pythia-1b,mmlu_test,mink_20,484,485,0.2128099173553719,0.24536082474226803,-0.032550907386896116,-0.08425385532930049,0.019055444321376826,0.1284
EleutherAI__pythia-1b,mmlu_test,mink_30,484,485,0.22727272727272727,0.2309278350515464,-0.003655107778819139,-0.05731138706654171,0.048009925875436406,0.4882
EleutherAI__pythia-1b,mmlu_test,mink_50,484,485,0.2334710743801653,0.22474226804123712,0.008728806338928169,-0.04494376757263357,0.0624266209423192,0.651
EleutherAI__pythia-1b,hellaswag_val,mink_5,500,500,0.026,0.032,-0.006000000000000002,-0.026000000000000002,0.014000000000000002,0.3572
EleutherAI__pythia-1b,hellaswag_val,mink_10,500,500,0.014,0.044,-0.03,-0.05005,-0.009999999999999998,0.0046
EleutherAI__pythia-1b,hellaswag_val,mink_20,500,500,0.008,0.05,-0.042,-0.062000000000000006,-0.022000000000000002,0.0
EleutherAI__pythia-1b,hellaswag_val,mink_30,500,500,0.01,0.048,-0.038,-0.060000000000000005,-0.019999999999999997,0.0
EleutherAI__pythia-1b,hellaswag_val,mink_50,500,500,0.01,0.048,-0.038,-0.058050000000000004,-0.018,0.0
EleutherAI__pythia-1b,arc_challenge,mink_5,500,500,0.23,0.23,0.0,-0.05199999999999999,0.05399999999999999,0.5276
EleutherAI__pythia-1b,arc_challenge,mink_10,500,500,0.222,0.238,-0.015999999999999986,-0.06800000000000003,0.036049999999999756,0.3036
EleutherAI__pythia-1b,arc_challenge,mink_20,500,500,0.218,0.242,-0.023999999999999994,-0.07600000000000001,0.03,0.211
EleutherAI__pythia-1b,arc_challenge,mink_30,500,500,0.218,0.242,-0.023999999999999994,-0.07605,0.027999999999999997,0.2
EleutherAI__pythia-1b,arc_challenge,mink_50,500,500,0.244,0.216,0.027999999999999997,-0.025999999999999995,0.08000000000000002,0.8782
EleutherAI__pythia-1b,humaneval,mink_5,82,82,0.036585365853658534,0.012195121951219513,0.024390243902439022,-0.024390243902439022,0.07317073170731707,0.9384
EleutherAI__pythia-1b,humaneval,mink_10,82,82,0.036585365853658534,0.012195121951219513,0.024390243902439022,-0.012195121951219516,0.07317073170731708,0.9352
EleutherAI__pythia-1b,humaneval,mink_20,82,82,0.036585365853658534,0.012195121951219513,0.024390243902439022,-0.024390243902439022,0.07317073170731707,0.9386
EleutherAI__pythia-1b,humaneval,mink_30,82,82,0.04878048780487805,0.0,0.04878048780487805,0.012195121951219513,0.0975609756097561,1.0
EleutherAI__pythia-1b,humaneval,mink_50,82,82,0.04878048780487805,0.0,0.04878048780487805,0.012195121951219513,0.0975609756097561,1.0
EleutherAI__pythia-1b,mbpp,mink_5,250,250,0.0,0.0,0.0,0.0,0.0,1.0
EleutherAI__pythia-1b,mbpp,mink_10,250,250,0.0,0.0,0.0,0.0,0.0,1.0
EleutherAI__pythia-1b,mbpp,mink_20,250,250,0.0,0.0,0.0,0.0,0.0,1.0
EleutherAI__pythia-1b,mbpp,mink_30,250,250,0.0,0.0,0.0,0.0,0.0,1.0
EleutherAI__pythia-1b,mbpp,mink_50,250,250,0.0,0.0,0.0,0.0,0.0,1.0
EleutherAI__pythia-1b,truthfulqa_mc,mink_5,408,409,0.9044117647058824,0.843520782396088,0.060890982309794395,0.014400109065631056,0.10741766144110454,0.9966
EleutherAI__pythia-1b,truthfulqa_mc,mink_10,408,409,0.8970588235294118,0.8508557457212714,0.04620307780814037,0.002133371686082741,0.0927117790881633,0.987
EleutherAI__pythia-1b,truthfulqa_mc,mink_20,408,409,0.8946078431372549,0.8533007334963325,0.041307109640922435,-0.002780574332422403,0.08545981350975575,0.9712
EleutherAI__pythia-1b,truthfulqa_mc,mink_30,408,409,0.8970588235294118,0.8508557457212714,0.04620307780814037,0.0021631849561339956,0.0902909115969126,0.981
EleutherAI__pythia-1b,truthfulqa_mc,mink_50,408,409,0.8921568627450981,0.8557457212713936,0.0364111414737045,-0.007640736612493421,0.08290201471786762,0.9522
EleutherAI__pythia-2.8b,gsm8k_test,mink_5,500,500,0.026,0.008,0.018,0.002,0.036,0.9942
EleutherAI__pythia-2.8b,gsm8k_test,mink_10,500,500,0.022,0.012,0.009999999999999998,-0.006,0.026000000000000002,0.9314
EleutherAI__pythia-2.8b,gsm8k_test,mink_20,500,500,0.016,0.018,-0.0019999999999999983,-0.018,0.014,0.493
EleutherAI__pythia-2.8b,gsm8k_test,mink_30,500,500,0.018,0.016,0.0019999999999999983,-0.013999999999999999,0.018,0.6874
EleutherAI__pythia-2.8b,gsm8k_test,mink_50,500,500,0.02,0.014,0.006,-0.01,0.022,0.836
EleutherAI__pythia-2.8b,mmlu_test,mink_5,484,485,0.22107438016528927,0.2515463917525773,-0.030472011587288045,-0.08411455227059722,0.0231959827894692,0.149
EleutherAI__pythia-2.8b,mmlu_test,mink_10,483,486,0.2194616977225673,0.25308641975308643,-0.03362472203051914,-0.0872766658998543,0.016014237149502845,0.1152
EleutherAI__pythia-2.8b,mmlu_test,mink_20,484,485,0.23760330578512398,0.23505154639175257,0.0025517593933714056,-0.046984110079236606,0.0562829087501062,0.5776
EleutherAI__pythia-2.8b,mmlu_test,mink_30,484,485,0.23140495867768596,0.24123711340206186,-0.009832154724375902,-0.06141305273920083,0.04381922552611398,0.389
EleutherAI__pythia-2.8b,mmlu_test,mink_50,484,485,0.2334710743801653,0.23917525773195877,-0.005704183351793485,-0.06347043537530886,0.045914948453608224,0.4388
EleutherAI__pythia-2.8b,hellaswag_val,mink_5,500,500,0.174,0.226,-0.05200000000000002,-0.10200000000000001,-0.0020000000000000018,0.0258
EleutherAI__pythia-2.8b,hellaswag_val,mink_10,500,500,0.158,0.242,-0.08399999999999999,-0.13400000000000004,-0.032,0.0002
EleutherAI__pythia-2.8b,hellaswag_val,mink_20,500,500,0.152,0.248,-0.096,-0.14400000000000002,-0.04600000000000001,0.0002
EleutherAI__pythia-2.8b,hellaswag_val,mink_30,500,500,0.154,0.246,-0.092,-0.14200000000000002,-0.04400000000000001,0.0
EleutherAI__pythia-2.8b,hellaswag_val,mink_50,500,500,0.158,0.242,-0.08399999999999999,-0.134,-0.034,0.0004
EleutherAI__pythia-2.8b,arc_challenge,mink_5,500,500,0.228,0.264,-0.036000000000000004,-0.09,0.015999999999999986,0.105
EleutherAI__pythia-2.8b,arc_challenge,mink_10,500,500,0.224,0.268,-0.04400000000000001,-0.1,0.010000000000000009,0.0634
EleutherAI__pythia-2.8b,arc_challenge,mink_20,500,500,0.242,0.25,-0.008000000000000007,-0.062,0.04400000000000001,0.42
EleutherAI__pythia-2.8b,arc_challenge,mink_30,500,500,0.236,0.256,-0.020000000000000018,-0.06999999999999998,0.030000000000000027,0.2508
EleutherAI__pythia-2.8b,arc_challenge,mink_50,500,500,0.242,0.25,-0.008000000000000007,-0.06399999999999997,0.04600000000000001,0.418
EleutherAI__pythia-2.8b,humaneval,mink_5,82,82,0.036585365853658534,0.024390243902439025,0.01219512195121951,-0.03658536585365854,0.06097560975609757,0.8136
EleutherAI__pythia-2.8b,humaneval,mink_10,82,82,0.04878048780487805,0.012195121951219513,0.03658536585365854,-0.012195121951219513,0.08536585365853659,0.9724
EleutherAI__pythia-2.8b,humaneval,mink_20,82,82,0.04878048780487805,0.012195121951219513,0.03658536585365854,-0.012195121951219513,0.08536585365853659,0.9694
EleutherAI__pythia-2.8b,humaneval,mink_30,82,82,0.04878048780487805,0.012195121951219513,0.03658536585365854,-0.012195121951219513,0.08536585365853659,0.9694
EleutherAI__pythia-2.8b,humaneval,mink_50,82,82,0.04878048780487805,0.012195121951219513,0.03658536585365854,-0.012195121951219513,0.08536585365853659,0.9726
EleutherAI__pythia-410m,gsm8k_test,mink_5,500,500,0.012,0.008,0.004,-0.008,0.016,0.839
EleutherAI__pythia-410m,gsm8k_test,mink_10,500,500,0.014,0.006,0.008,-0.004,0.020049999999999728,0.9416
EleutherAI__pythia-410m,gsm8k_test,mink_20,500,500,0.014,0.006,0.008,-0.004,0.02,0.943
EleutherAI__pythia-410m,gsm8k_test,mink_30,500,500,0.016,0.004,0.012,0.0,0.024,0.9886
EleutherAI__pythia-410m,gsm8k_test,mink_50,500,500,0.014,0.006,0.008,-0.004,0.02,0.945
EleutherAI__pythia-410m,mmlu_test,mink_5,484,485,0.17768595041322313,0.18762886597938144,-0.009942915566158311,-0.05947441850558062,0.0395842208400784,0.3602
EleutherAI__pythia-410m,mmlu_test,mink_10,484,485,0.1756198347107438,0.18969072164948453,-0.014070886938740729,-0.06153190764249808,0.035456249467495954,0.3046
EleutherAI__pythia-410m,mmlu_test,mink_20,484,485,0.1797520661157025,0.18556701030927836,-0.005814944193575866,-0.05741682286785381,0.04168878333475333,0.4284
EleutherAI__pythia-410m,mmlu_test,mink_30,484,485,0.19008264462809918,0.17525773195876287,0.014824912669336304,-0.03677270597256539,0.0643436355116299,0.7532
EleutherAI__pythia-410m,mmlu_test,mink_50,484,485,0.1921487603305785,0.1731958762886598,0.01895288404191872,-0.030591292493822947,0.0685060066456505,0.8086
EleutherAI__pythia-410m,hellaswag_val,mink_5,500,500,0.014,0.02,-0.006,-0.022,0.009999999999999998,0.3284
EleutherAI__pythia-410m,hellaswag_val,mink_10,500,500,0.002,0.032,-0.03,-0.046,-0.014,0.0006
EleutherAI__pythia-410m,hellaswag_val,mink_20,500,500,0.002,0.032,-0.03,-0.046,-0.014,0.0
EleutherAI__pythia-410m,hellaswag_val,mink_30,500,500,0.0,0.034,-0.034,-0.05,-0.02,0.0
EleutherAI__pythia-410m,hellaswag_val,mink_50,500,500,0.0,0.034,-0.034,-0.05,-0.02,0.0
EleutherAI__pythia-410m,arc_challenge,mink_5,500,500,0.216,0.224,-0.008000000000000007,-0.05600000000000002,0.045999999999999985,0.419
EleutherAI__pythia-410m,arc_challenge,mink_10,500,500,0.214,0.226,-0.01200000000000001,-0.062,0.038000000000000006,0.3418
EleutherAI__pythia-410m,arc_challenge,mink_20,500,500,0.234,0.206,0.028000000000000025,-0.025999999999999995,0.07800000000000001,0.8738
EleutherAI__pythia-410m,arc_challenge,mink_30,500,500,0.224,0.216,0.008000000000000007,-0.04600000000000001,0.06,0.6532
EleutherAI__pythia-410m,arc_challenge,mink_50,500,500,0.232,0.208,0.02400000000000002,-0.03,0.07600000000000004,0.8474
EleutherAI__pythia-410m,humaneval,mink_5,82,82,0.012195121951219513,0.012195121951219513,0.0,-0.036585365853658534,0.036585365853658534,0.7362
EleutherAI__pythia-410m,humaneval,mink_10,82,82,0.012195121951219513,0.012195121951219513,0.0,-0.036585365853658534,0.036585365853658534,0.742
EleutherAI__pythia-410m,humaneval,mink_20,82,82,0.012195121951219513,0.012195121951219513,0.0,-0.036585365853658534,0.036585365853658534,0.7572
EleutherAI__pythia-410m,humaneval,mink_30,82,82,0.024390243902439025,0.0,0.024390243902439025,0.0,0.06097560975609756,1.0
EleutherAI__pythia-410m,humaneval,mink_50,82,82,0.024390243902439025,0.0,0.024390243902439025,0.0,0.06097560975609756,1.0
EleutherAI__pythia-6.9b,gsm8k_test,mink_5,500,500,0.018,0.018,0.0,-0.016,0.016,0.5954
EleutherAI__pythia-6.9b,gsm8k_test,mink_10,500,500,0.024,0.012,0.012,-0.004,0.028,0.9562
EleutherAI__pythia-6.9b,gsm8k_test,mink_20,500,500,0.018,0.018,0.0,-0.016,0.016,0.5964
EleutherAI__pythia-6.9b,gsm8k_test,mink_30,500,500,0.018,0.018,0.0,-0.016,0.016,0.5988
EleutherAI__pythia-6.9b,gsm8k_test,mink_50,500,500,0.02,0.016,0.004,-0.012049999999999998,0.02,0.7598
EleutherAI__pythia-6.9b,mmlu_test,mink_5,484,485,0.1652892561983471,0.2288659793814433,-0.06357672318309618,-0.11511565987901508,-0.01611144244696261,0.0074
EleutherAI__pythia-6.9b,mmlu_test,mink_10,484,485,0.16322314049586778,0.2309278350515464,-0.06770469455567862,-0.11720211723609102,-0.018155192979466654,0.0058
EleutherAI__pythia-6.9b,mmlu_test,mink_20,484,485,0.16735537190082644,0.2268041237113402,-0.05944875181051376,-0.1110592570503536,-0.009938549032972633,0.013
EleutherAI__pythia-6.9b,mmlu_test,mink_30,484,485,0.17148760330578514,0.22268041237113403,-0.0511928090653489,-0.10073719860270938,-0.0037144287296583456,0.0268
EleutherAI__pythia-6.9b,mmlu_test,mink_50,484,485,0.17355371900826447,0.22061855670103092,-0.047064837692766454,-0.09660070716537444,0.004528414415949561,0.0404
EleutherAI__pythia-6.9b,hellaswag_val,mink_5,500,500,0.054,0.088,-0.033999999999999996,-0.06605,-0.0020000000000000018,0.028
EleutherAI__pythia-6.9b,hellaswag_val,mink_10,500,500,0.036,0.106,-0.07,-0.10200000000000001,-0.038000000000000006,0.0
EleutherAI__pythia-6.9b,hellaswag_val,mink_20,500,500,0.032,0.11,-0.078,-0.11,-0.047999999999999994,0.0
EleutherAI__pythia-6.9b,hellaswag_val,mink_30,500,500,0.022,0.12,-0.098,-0.13,-0.068,0.0
EleutherAI__pythia-6.9b,hellaswag_val,mink_50,500,500,0.03,0.112,-0.082,-0.11399999999999999,-0.052,0.0
EleutherAI__pythia-6.9b,arc_challenge,mink_5,500,500,0.172,0.204,-0.032,-0.08199999999999999,0.015999999999999986,0.1128
EleutherAI__pythia-6.9b,arc_challenge,mink_10,500,500,0.196,0.18,0.016000000000000014,-0.034,0.06204999999999972,0.7712
EleutherAI__pythia-6.9b,arc_challenge,mink_20,500,500,0.19,0.186,0.0040000000000000036,-0.04400000000000001,0.05204999999999974,0.5898
EleutherAI__pythia-6.9b,arc_challenge,mink_30,500,500,0.186,0.19,-0.0040000000000000036,-0.05200000000000002,0.04400000000000001,0.4772
EleutherAI__pythia-6.9b,arc_challenge,mink_50,500,500,0.184,0.192,-0.008000000000000007,-0.05400000000000002,0.04000000000000001,0.4008
EleutherAI__pythia-6.9b,humaneval,mink_5,82,82,0.04878048780487805,0.036585365853658534,0.012195121951219516,-0.04878048780487806,0.07317073170731708,0.7754
EleutherAI__pythia-6.9b,humaneval,mink_10,82,82,0.07317073170731707,0.012195121951219513,0.06097560975609756,0.0,0.12225609756097396,0.994
EleutherAI__pythia-6.9b,humaneval,mink_20,82,82,0.07317073170731707,0.012195121951219513,0.06097560975609756,0.0,0.12195121951219513,0.9932
EleutherAI__pythia-6.9b,humaneval,mink_30,82,82,0.07317073170731707,0.012195121951219513,0.06097560975609756,0.0,0.12195121951219513,0.9928
EleutherAI__pythia-6.9b,humaneval,mink_50,82,82,0.07317073170731707,0.012195121951219513,0.06097560975609756,0.0,0.12195121951219513,0.9928
EleutherAI__pythia-6.9b,mbpp,mink_5,250,250,0.0,0.0,0.0,0.0,0.0,1.0
EleutherAI__pythia-6.9b,mbpp,mink_10,250,250,0.0,0.0,0.0,0.0,0.0,1.0
EleutherAI__pythia-6.9b,mbpp,mink_20,250,250,0.0,0.0,0.0,0.0,0.0,1.0
EleutherAI__pythia-6.9b,mbpp,mink_30,250,250,0.0,0.0,0.0,0.0,0.0,1.0
EleutherAI__pythia-6.9b,mbpp,mink_50,250,250,0.0,0.0,0.0,0.0,0.0,1.0
EleutherAI__pythia-6.9b,truthfulqa_mc,mink_5,408,409,0.01715686274509804,0.03178484107579462,-0.014627978330696581,-0.036644853540438185,0.007388896879045018,0.1302
EleutherAI__pythia-6.9b,truthfulqa_mc,mink_10,408,409,0.014705882352941176,0.034229828850855744,-0.019523946497914568,-0.03917388777026703,5.992617095737854e-05,0.058
EleutherAI__pythia-6.9b,truthfulqa_mc,mink_20,408,409,0.014705882352941176,0.034229828850855744,-0.019523946497914568,-0.04154681432475191,6.007598638477128e-05,0.0558
EleutherAI__pythia-6.9b,truthfulqa_mc,mink_30,408,409,0.01715686274509804,0.03178484107579462,-0.014627978330696581,-0.03421799343209166,0.007371068843185195,0.1396
EleutherAI__pythia-6.9b,truthfulqa_mc,mink_50,408,409,0.01715686274509804,0.03178484107579462,-0.014627978330696581,-0.03665084615753392,0.007394889496140755,0.1324
EleutherAI__pythia-70m,gsm8k_test,mink_5,500,500,0.0,0.002,-0.002,-0.006,0.0,0.5038
EleutherAI__pythia-70m,gsm8k_test,mink_10,500,500,0.0,0.002,-0.002,-0.006,0.0,0.4908
EleutherAI__pythia-70m,gsm8k_test,mink_20,500,500,0.0,0.002,-0.002,-0.006,0.0,0.5038
EleutherAI__pythia-70m,gsm8k_test,mink_30,500,500,0.0,0.002,-0.002,-0.006,0.0,0.4908
EleutherAI__pythia-70m,gsm8k_test,mink_50,500,500,0.0,0.002,-0.002,-0.006,0.0,0.4912
EleutherAI__pythia-70m,mmlu_test,mink_5,484,485,0.004132231404958678,0.002061855670103093,0.002070375734855585,-0.004123711340206186,0.008268722842293602,0.8806
EleutherAI__pythia-70m,mmlu_test,mink_10,484,485,0.004132231404958678,0.002061855670103093,0.002070375734855585,-0.004123711340206186,0.008268722842293602,0.8758
EleutherAI__pythia-70m,mmlu_test,mink_20,484,485,0.004132231404958678,0.002061855670103093,0.002070375734855585,-0.004123711340206186,0.010330578512396695,0.8824
EleutherAI__pythia-70m,mmlu_test,mink_30,484,485,0.004132231404958678,0.002061855670103093,0.002070375734855585,-0.004123711340206186,0.010330578512396695,0.8782
EleutherAI__pythia-70m,mmlu_test,mink_50,484,485,0.004132231404958678,0.002061855670103093,0.002070375734855585,-0.004123711340206186,0.008268722842293602,0.8788
EleutherAI__pythia-70m,hellaswag_val,mink_5,500,500,0.002,0.0,0.002,0.0,0.006,1.0
EleutherAI__pythia-70m,hellaswag_val,mink_10,500,500,0.002,0.0,0.002,0.0,0.006,1.0
EleutherAI__pythia-70m,hellaswag_val,mink_20,500,500,0.002,0.0,0.002,0.0,0.006,1.0
EleutherAI__pythia-70m,hellaswag_val,mink_30,500,500,0.002,0.0,0.002,0.0,0.006,1.0
EleutherAI__pythia-70m,hellaswag_val,mink_50,500,500,0.002,0.0,0.002,0.0,0.006,1.0
EleutherAI__pythia-70m,arc_challenge,mink_5,500,500,0.0,0.0,0.0,0.0,0.0,1.0
EleutherAI__pythia-70m,arc_challenge,mink_10,500,500,0.0,0.0,0.0,0.0,0.0,1.0
EleutherAI__pythia-70m,arc_challenge,mink_20,500,500,0.0,0.0,0.0,0.0,0.0,1.0
EleutherAI__pythia-70m,arc_challenge,mink_30,500,500,0.0,0.0,0.0,0.0,0.0,1.0
EleutherAI__pythia-70m,arc_challenge,mink_50,500,500,0.0,0.0,0.0,0.0,0.0,1.0
EleutherAI__pythia-70m,humaneval,mink_5,82,82,0.0,0.0,0.0,0.0,0.0,1.0
EleutherAI__pythia-70m,humaneval,mink_10,82,82,0.0,0.0,0.0,0.0,0.0,1.0
EleutherAI__pythia-70m,humaneval,mink_20,82,82,0.0,0.0,0.0,0.0,0.0,1.0
EleutherAI__pythia-70m,humaneval,mink_30,82,82,0.0,0.0,0.0,0.0,0.0,1.0
EleutherAI__pythia-70m,humaneval,mink_50,82,82,0.0,0.0,0.0,0.0,0.0,1.0
Qwen__Qwen2.5-14B,gsm8k_test,mink_5,500,500,0.008,0.006,0.002,-0.008,0.012,0.7734
Qwen__Qwen2.5-14B,gsm8k_test,mink_10,500,500,0.008,0.006,0.002,-0.008,0.012,0.774
Qwen__Qwen2.5-14B,gsm8k_test,mink_20,500,500,0.008,0.006,0.002,-0.008,0.012,0.778
Qwen__Qwen2.5-14B,gsm8k_test,mink_30,500,500,0.004,0.01,-0.006,-0.016,0.004,0.2318
Qwen__Qwen2.5-14B,gsm8k_test,mink_50,500,500,0.004,0.01,-0.006,-0.016,0.004,0.2246
Qwen__Qwen2.5-14B,gsm8k_test,v2_ensemble,424,48,0.007075471698113208,0.0,0.007075471698113208,0.0,0.01650943396226415,1.0
Qwen__Qwen2.5-14B,mmlu_test,mink_5,484,485,0.7975206611570248,0.7628865979381443,0.03463406321888052,-0.01904266422424809,0.08829343103007592,0.9196
Qwen__Qwen2.5-14B,mmlu_test,mink_10,484,485,0.7747933884297521,0.7855670103092783,-0.01077362187952624,-0.06438676833943942,0.042903212064411764,0.3658
Qwen__Qwen2.5-14B,mmlu_test,mink_20,484,485,0.7644628099173554,0.7958762886597938,-0.03141347874243838,-0.08092378802078895,0.01814369089205073,0.1384
Qwen__Qwen2.5-14B,mmlu_test,mink_30,484,485,0.7706611570247934,0.7896907216494845,-0.019029564624691075,-0.07270192553463409,0.03048905171679306,0.2578
Qwen__Qwen2.5-14B,mmlu_test,mink_50,484,485,0.7727272727272727,0.7876288659793814,-0.014901593252108714,-0.06859504132231409,0.03667493822953053,0.3116
Qwen__Qwen2.5-14B,hellaswag_val,mink_5,500,500,0.906,0.918,-0.01200000000000001,-0.04600000000000004,0.02399999999999991,0.2854
Qwen__Qwen2.5-14B,hellaswag_val,mink_10,500,500,0.928,0.896,0.03200000000000003,0.0,0.06600000000000006,0.9728
Qwen__Qwen2.5-14B,hellaswag_val,mink_20,500,500,0.956,0.868,0.08799999999999997,0.05399999999999994,0.122,1.0
Qwen__Qwen2.5-14B,hellaswag_val,mink_30,500,500,0.956,0.868,0.08799999999999997,0.05394999999999994,0.124,1.0
Qwen__Qwen2.5-14B,hellaswag_val,mink_50,500,500,0.962,0.862,0.09999999999999998,0.06594999999999995,0.134,1.0
Qwen__Qwen2.5-14B,arc_challenge,mink_5,500,500,0.942,0.93,0.0119999999999999,-0.017999999999999905,0.039999999999999925,0.8248
Qwen__Qwen2.5-14B,arc_challenge,mink_10,500,500,0.952,0.92,0.03199999999999992,0.0020000000000000018,0.061999999999999944,0.9886
Qwen__Qwen2.5-14B,arc_challenge,mink_20,500,500,0.954,0.918,0.03599999999999992,0.006000000000000005,0.06399999999999995,0.992
Qwen__Qwen2.5-14B,arc_challenge,mink_30,500,500,0.952,0.92,0.03199999999999992,0.0,0.061999999999999944,0.9888
Qwen__Qwen2.5-14B,arc_challenge,mink_50,500,500,0.952,0.92,0.03199999999999992,0.0020000000000000018,0.061999999999999944,0.9826
Qwen__Qwen2.5-14B,arc_challenge,v2_ensemble,767,22,0.9361147327249022,0.9545454545454546,-0.018430721820552387,-0.07692307692307687,0.08030105487732608,0.5904
Qwen__Qwen2.5-14B,humaneval,mink_5,82,82,0.0975609756097561,0.13414634146341464,-0.03658536585365854,-0.13414634146341464,0.060975609756097546,0.3098
Qwen__Qwen2.5-14B,humaneval,mink_10,82,82,0.0975609756097561,0.13414634146341464,-0.03658536585365854,-0.13414634146341464,0.06097560975609756,0.3122
Qwen__Qwen2.5-14B,humaneval,mink_20,82,82,0.07317073170731707,0.15853658536585366,-0.08536585365853659,-0.18292682926829268,0.01219512195121951,0.0696
Qwen__Qwen2.5-14B,humaneval,mink_30,82,82,0.07317073170731707,0.15853658536585366,-0.08536585365853659,-0.18292682926829268,0.01219512195121951,0.0656
Qwen__Qwen2.5-14B,humaneval,mink_50,82,82,0.07317073170731707,0.15853658536585366,-0.08536585365853659,-0.18292682926829268,0.01219512195121951,0.0674
Qwen__Qwen2.5-14B,mbpp,mink_5,250,250,0.004,0.0,0.004,0.0,0.012,1.0
Qwen__Qwen2.5-14B,mbpp,mink_10,250,250,0.004,0.0,0.004,0.0,0.012,1.0
Qwen__Qwen2.5-14B,mbpp,mink_20,250,250,0.004,0.0,0.004,0.0,0.012,1.0
Qwen__Qwen2.5-14B,mbpp,mink_30,250,250,0.004,0.0,0.004,0.0,0.012,1.0
Qwen__Qwen2.5-14B,mbpp,mink_50,250,250,0.004,0.0,0.004,0.0,0.012,1.0
Qwen__Qwen2.5-14B,mbpp,v2_ensemble,288,63,0.0,0.0,0.0,0.0,0.0,1.0
Qwen__Qwen2.5-14B,truthfulqa_mc,mink_5,408,409,0.7107843137254902,0.7017114914425427,0.00907282228294748,-0.057038178963517025,0.07271441583968552,0.6408
Qwen__Qwen2.5-14B,truthfulqa_mc,mink_10,408,409,0.7205882352941176,0.6919315403422983,0.028656694951819328,-0.032516539623184335,0.09474327628361856,0.8306
Qwen__Qwen2.5-14B,truthfulqa_mc,mink_20,408,409,0.7156862745098039,0.6968215158924206,0.018864758617383348,-0.04476544896687283,0.07760469102066257,0.7434
Qwen__Qwen2.5-14B,truthfulqa_mc,mink_30,408,409,0.7230392156862745,0.6894865525672371,0.033552663119037374,-0.027668212761877357,0.0948432031736897,0.8738
Qwen__Qwen2.5-14B,truthfulqa_mc,mink_50,408,409,0.7377450980392157,0.6748166259168704,0.06292847212234531,0.00171973129104952,0.1241610336065967,0.9782
Qwen__Qwen2.5-32B,gsm8k_test,mink_5,500,500,0.018,0.02,-0.0020000000000000018,-0.019999999999999997,0.014000000000000002,0.5068
Qwen__Qwen2.5-32B,gsm8k_test,mink_10,500,500,0.022,0.016,0.005999999999999998,-0.011999999999999999,0.022,0.8236
Qwen__Qwen2.5-32B,gsm8k_test,mink_20,500,500,0.016,0.022,-0.005999999999999998,-0.024,0.01004999999999973,0.3174
Qwen__Qwen2.5-32B,gsm8k_test,mink_30,500,500,0.016,0.022,-0.005999999999999998,-0.022000000000000002,0.011999999999999999,0.3188
Qwen__Qwen2.5-32B,gsm8k_test,mink_50,500,500,0.016,0.022,-0.005999999999999998,-0.022,0.011999999999999999,0.3222
Qwen__Qwen2.5-32B,gsm8k_test,v2_ensemble,374,49,0.02406417112299465,0.0,0.02406417112299465,0.0106951871657754,0.040106951871657755,1.0
Qwen__Qwen2.5-32B,mmlu_test,mink_5,484,485,0.8099173553719008,0.8474226804123711,-0.03750532504047033,-0.0849409985515889,0.012009137769447023,0.0728
Qwen__Qwen2.5-32B,mmlu_test,mink_10,484,485,0.8140495867768595,0.843298969072165,-0.029249382295305493,-0.07877662520235153,0.016154149271534482,0.1292
Qwen__Qwen2.5-32B,mmlu_test,mink_20,484,485,0.8057851239669421,0.8515463917525773,-0.04576126778563516,-0.09529713725824321,-0.0003573102155575687,0.0302
Qwen__Qwen2.5-32B,mmlu_test,mink_30,484,485,0.8057851239669421,0.8515463917525773,-0.04576126778563516,-0.09114360569140326,0.0017128525176790903,0.0322
Qwen__Qwen2.5-32B,mmlu_test,mink_50,484,485,0.8119834710743802,0.845360824742268,-0.033377353667887855,-0.0808470009372071,0.014171210701201035,0.1004
Qwen__Qwen2.5-32B,mmlu_test,v2_ensemble,792,16,0.8383838383838383,0.875,-0.03661616161616166,-0.17045454545454541,0.15214646464646464,0.505
Qwen__Qwen2.5-32B,hellaswag_val,mink_5,500,500,0.982,0.928,0.05399999999999994,0.028000000000000025,0.07999999999999996,1.0
Qwen__Qwen2.5-32B,hellaswag_val,mink_10,500,500,0.986,0.924,0.061999999999999944,0.03600000000000003,0.08799999999999997,1.0
Qwen__Qwen2.5-32B,hellaswag_val,mink_20,500,500,0.99,0.92,0.06999999999999995,0.04400000000000004,0.09399999999999997,1.0
Qwen__Qwen2.5-32B,hellaswag_val,mink_30,500,500,0.988,0.922,0.06599999999999995,0.041999999999999926,0.09199999999999997,1.0
Qwen__Qwen2.5-32B,hellaswag_val,mink_50,500,500,0.99,0.92,0.06999999999999995,0.04599999999999993,0.09599999999999997,1.0
Qwen__Qwen2.5-32B,arc_challenge,mink_5,500,500,0.96,0.946,0.014000000000000012,-0.012050000000000005,0.039999999999999925,0.8928
Qwen__Qwen2.5-32B,arc_challenge,mink_10,500,500,0.968,0.938,0.030000000000000027,0.0040000000000000036,0.05599999999999994,0.99
Qwen__Qwen2.5-32B,arc_challenge,mink_20,500,500,0.968,0.938,0.030000000000000027,0.0040000000000000036,0.05599999999999994,0.9908
Qwen__Qwen2.5-32B,arc_challenge,mink_30,500,500,0.966,0.94,0.026000000000000023,0.0,0.05399999999999994,0.9816
Qwen__Qwen2.5-32B,arc_challenge,mink_50,500,500,0.964,0.942,0.02200000000000002,-0.0040000000000000036,0.04799999999999993,0.9648
Qwen__Qwen2.5-32B,arc_challenge,v2_ensemble,759,22,0.9486166007905138,1.0,-0.0513833992094862,-0.06719367588932801,-0.035573122529644285,0.33
Qwen__Qwen2.5-32B,humaneval,mink_5,82,82,0.10975609756097561,0.14634146341463414,-0.03658536585365853,-0.13414634146341464,0.060975609756097573,0.3144
Qwen__Qwen2.5-32B,humaneval,mink_10,82,82,0.10975609756097561,0.14634146341463414,-0.03658536585365853,-0.14634146341463414,0.060975609756097573,0.3176
Qwen__Qwen2.5-32B,humaneval,mink_20,82,82,0.08536585365853659,0.17073170731707318,-0.08536585365853659,-0.1829268292682927,0.012195121951219523,0.0814
Qwen__Qwen2.5-32B,humaneval,mink_30,82,82,0.08536585365853659,0.17073170731707318,-0.08536585365853659,-0.18292682926829268,0.02439024390243902,0.0764
Qwen__Qwen2.5-32B,humaneval,mink_50,82,82,0.08536585365853659,0.17073170731707318,-0.08536585365853659,-0.1951219512195122,0.012195121951219523,0.0844
Qwen__Qwen2.5-32B,mbpp,mink_5,250,250,0.004,0.004,0.0,-0.012,0.012,0.7612
Qwen__Qwen2.5-32B,mbpp,mink_10,250,250,0.004,0.004,0.0,-0.012,0.012,0.7418
Qwen__Qwen2.5-32B,mbpp,mink_20,250,250,0.008,0.0,0.008,0.0,0.02,1.0
Qwen__Qwen2.5-32B,mbpp,mink_30,250,250,0.008,0.0,0.008,0.0,0.02,1.0
Qwen__Qwen2.5-32B,mbpp,mink_50,250,250,0.008,0.0,0.008,0.0,0.02,1.0
Qwen__Qwen2.5-32B,mbpp,v2_ensemble,340,50,0.0029411764705882353,0.02,-0.017058823529411765,-0.06,0.008823529411764706,0.2394
Qwen__Qwen2.5-32B,truthfulqa_mc,mink_5,408,409,0.8137254901960784,0.7701711491442543,0.0435543410518241,-0.012776559278968253,0.09488709909391635,0.9496
Qwen__Qwen2.5-32B,truthfulqa_mc,mink_10,408,409,0.8014705882352942,0.78239608801956,0.019074500215734203,-0.03722613739872471,0.07783241047030064,0.7686
Qwen__Qwen2.5-32B,truthfulqa_mc,mink_20,408,409,0.8112745098039216,0.7726161369193154,0.03865837288460616,-0.01758308763603243,0.09740414808955367,0.925
Qwen__Qwen2.5-32B,truthfulqa_mc,mink_30,408,409,0.8112745098039216,0.7726161369193154,0.03865837288460616,-0.015275180977036285,0.09250832973776311,0.9272
Qwen__Qwen2.5-32B,truthfulqa_mc,mink_50,408,409,0.8308823529411765,0.7530562347188264,0.07782611822235008,0.026433434009300538,0.12927872860635692,0.998
Qwen__Qwen2.5-7B,gsm8k_test,mink_5,500,500,0.024,0.028,-0.004,-0.023999999999999997,0.016,0.4224
Qwen__Qwen2.5-7B,gsm8k_test,mink_10,500,500,0.03,0.022,0.008,-0.012,0.028,0.8374
Qwen__Qwen2.5-7B,gsm8k_test,mink_20,500,500,0.024,0.028,-0.004,-0.024,0.016,0.4154
Qwen__Qwen2.5-7B,gsm8k_test,mink_30,500,500,0.022,0.03,-0.008,-0.028000000000000004,0.012,0.2934
Qwen__Qwen2.5-7B,gsm8k_test,mink_50,500,500,0.022,0.03,-0.008,-0.027999999999999997,0.011999999999999997,0.2816
Qwen__Qwen2.5-7B,gsm8k_test,v2_ensemble,290,80,0.03103448275862069,0.0125,0.01853448275862069,-0.014655172413793105,0.04827586206896552,0.9176
Qwen__Qwen2.5-7B,mmlu_test,mink_5,484,485,0.6859504132231405,0.7443298969072165,-0.05837948368407597,-0.11207793729232338,-0.0025660305018320242,0.0222
Qwen__Qwen2.5-7B,mmlu_test,mink_10,484,485,0.6611570247933884,0.7690721649484537,-0.1079151401550652,-0.1636796029649826,-0.052172190508647916,0.0002
Qwen__Qwen2.5-7B,mmlu_test,mink_20,484,485,0.6611570247933884,0.7690721649484537,-0.1079151401550652,-0.16367907046093555,-0.0501575146971117,0.0002
Qwen__Qwen2.5-7B,mmlu_test,mink_30,484,485,0.6590909090909091,0.7711340206185567,-0.11204311152764768,-0.16780746783675554,-0.05630878844679218,0.0002
Qwen__Qwen2.5-7B,mmlu_test,mink_50,484,485,0.6652892561983471,0.7649484536082474,-0.09965919740990026,-0.15343646161710828,-0.04596990287126178,0.0004
Qwen__Qwen2.5-7B,hellaswag_val,mink_5,500,500,0.874,0.852,0.02200000000000002,-0.020000000000000018,0.06399999999999995,0.8718
Qwen__Qwen2.5-7B,hellaswag_val,mink_10,500,500,0.912,0.814,0.09800000000000009,0.05600000000000005,0.14200000000000002,1.0
Qwen__Qwen2.5-7B,hellaswag_val,mink_20,500,500,0.926,0.8,0.126,0.08200000000000007,0.16800000000000004,1.0
Qwen__Qwen2.5-7B,hellaswag_val,mink_30,500,500,0.922,0.804,0.118,0.07600000000000007,0.16000000000000003,1.0
Qwen__Qwen2.5-7B,hellaswag_val,mink_50,500,500,0.92,0.806,0.11399999999999999,0.07200000000000006,0.15599999999999992,1.0
Qwen__Qwen2.5-7B,arc_challenge,mink_5,500,500,0.894,0.888,0.006000000000000005,-0.03200000000000003,0.04200000000000004,0.6544
Qwen__Qwen2.5-7B,arc_challenge,mink_10,500,500,0.894,0.888,0.006000000000000005,-0.03400000000000003,0.04204999999999976,0.6598
Qwen__Qwen2.5-7B,arc_challenge,mink_20,500,500,0.892,0.89,0.0020000000000000018,-0.038000000000000034,0.040000000000000036,0.581
Qwen__Qwen2.5-7B,arc_challenge,mink_30,500,500,0.894,0.888,0.006000000000000005,-0.03200000000000003,0.04600000000000004,0.657
Qwen__Qwen2.5-7B,arc_challenge,mink_50,500,500,0.892,0.89,0.0020000000000000018,-0.03600000000000003,0.040000000000000036,0.5816
Qwen__Qwen2.5-7B,arc_challenge,v2_ensemble,815,14,0.901840490797546,0.9285714285714286,-0.02673093777388258,-0.1128834355828221,0.12226117440841366,0.587
Qwen__Qwen2.5-7B,humaneval,mink_5,82,82,0.08536585365853659,0.0975609756097561,-0.01219512195121951,-0.0975609756097561,0.07317073170731708,0.493
Qwen__Qwen2.5-7B,humaneval,mink_10,82,82,0.08536585365853659,0.0975609756097561,-0.01219512195121951,-0.09756097560975611,0.08536585365853658,0.505
Qwen__Qwen2.5-7B,humaneval,mink_20,82,82,0.07317073170731707,0.10975609756097561,-0.03658536585365854,-0.12195121951219512,0.04878048780487805,0.2982
Qwen__Qwen2.5-7B,humaneval,mink_30,82,82,0.06097560975609756,0.12195121951219512,-0.06097560975609756,-0.14634146341463417,0.024390243902439025,0.1342
Qwen__Qwen2.5-7B,humaneval,mink_50,82,82,0.07317073170731707,0.10975609756097561,-0.03658536585365854,-0.13414634146341464,0.04878048780487805,0.299
Qwen__Qwen2.5-7B,mbpp,mink_5,250,250,0.024,0.004,0.02,0.004,0.04,0.9924
Qwen__Qwen2.5-7B,mbpp,mink_10,250,250,0.024,0.004,0.02,0.0,0.040099999999999456,0.992
Qwen__Qwen2.5-7B,mbpp,mink_20,250,250,0.024,0.004,0.02,0.0,0.04,0.9926
Qwen__Qwen2.5-7B,mbpp,mink_30,250,250,0.024,0.004,0.02,0.0,0.04,0.9934
Qwen__Qwen2.5-7B,mbpp,mink_50,250,250,0.024,0.004,0.02,0.0,0.044,0.9934
Qwen__Qwen2.5-7B,mbpp,v2_ensemble,353,47,0.0084985835694051,0.06382978723404255,-0.05533120366463745,-0.1348426857935025,0.0084985835694051,0.0242
Qwen__Qwen2.5-7B,truthfulqa_mc,mink_5,408,409,0.7450980392156863,0.7041564792176039,0.040941559998082355,-0.02024306054940317,0.09969917062179401,0.914
Qwen__Qwen2.5-7B,truthfulqa_mc,mink_10,408,409,0.7426470588235294,0.706601466992665,0.03604559183086442,-0.02512179994247086,0.09722436957668146,0.8894
Qwen__Qwen2.5-7B,truthfulqa_mc,mink_20,408,409,0.7549019607843137,0.6943765281173594,0.060525432666954315,-0.0006478019080492364,0.12175215134953732,0.978
Qwen__Qwen2.5-7B,truthfulqa_mc,mink_30,408,409,0.7573529411764706,0.6919315403422983,0.06542140083417225,0.006609557025744289,0.12663598446713642,0.9804
Qwen__Qwen2.5-7B,truthfulqa_mc,mink_50,408,409,0.7720588235294118,0.6772616136919315,0.0947972098374803,0.033582026942806556,0.1559878230020615,0.9996
Qwen__Qwen2.5-Coder-7B,gsm8k_test,mink_5,500,500,0.03,0.012,0.018,0.0,0.036000000000000004,0.989
Qwen__Qwen2.5-Coder-7B,gsm8k_test,mink_10,500,500,0.028,0.014,0.014,-0.004,0.032,0.9602
Qwen__Qwen2.5-Coder-7B,gsm8k_test,mink_20,500,500,0.024,0.018,0.006000000000000002,-0.012,0.024,0.8132
Qwen__Qwen2.5-Coder-7B,gsm8k_test,mink_30,500,500,0.026,0.016,0.009999999999999998,-0.008,0.028,0.9146
Qwen__Qwen2.5-Coder-7B,gsm8k_test,mink_50,500,500,0.024,0.018,0.006000000000000002,-0.012,0.02204999999999973,0.8148
Qwen__Qwen2.5-Coder-7B,gsm8k_test,v2_ensemble,528,23,0.013257575757575758,0.0,0.013257575757575758,0.003787878787878788,0.02462121212121212,1.0
Qwen__Qwen2.5-Coder-7B,mmlu_test,mink_5,484,485,0.5764462809917356,0.6536082474226804,-0.07716196643094486,-0.1391073102155577,-0.019391347874243865,0.0082
Qwen__Qwen2.5-Coder-7B,mmlu_test,mink_10,484,485,0.5516528925619835,0.6783505154639176,-0.1266976229019341,-0.18654692425662434,-0.06471415182755391,0.0
Qwen__Qwen2.5-Coder-7B,mmlu_test,mink_20,484,485,0.5557851239669421,0.6742268041237114,-0.11844168015676926,-0.1823891326574082,-0.05652636960040902,0.0
Qwen__Qwen2.5-Coder-7B,mmlu_test,mink_30,484,485,0.5495867768595041,0.6804123711340206,-0.13082559427451657,-0.1886388131549799,-0.07289959103689209,0.0
Qwen__Qwen2.5-Coder-7B,mmlu_test,mink_50,484,485,0.5578512396694215,0.6721649484536083,-0.11431370878418678,-0.17826978785038763,-0.05639207207974812,0.0004
Qwen__Qwen2.5-Coder-7B,hellaswag_val,mink_5,500,500,0.848,0.76,0.08799999999999997,0.03799999999999992,0.136,0.9998
Qwen__Qwen2.5-Coder-7B,hellaswag_val,mink_10,500,500,0.852,0.756,0.09599999999999997,0.04799999999999993,0.14600000000000002,1.0
Qwen__Qwen2.5-Coder-7B,hellaswag_val,mink_20,500,500,0.848,0.76,0.08799999999999997,0.039999999999999925,0.138,1.0
Qwen__Qwen2.5-Coder-7B,hellaswag_val,mink_30,500,500,0.852,0.756,0.09599999999999997,0.04599999999999993,0.14600000000000002,1.0
Qwen__Qwen2.5-Coder-7B,hellaswag_val,mink_50,500,500,0.854,0.754,0.09999999999999998,0.05399999999999994,0.15000000000000002,1.0
Qwen__Qwen2.5-Coder-7B,arc_challenge,mink_5,500,500,0.85,0.876,-0.026000000000000023,-0.06800000000000006,0.018000000000000016,0.1324
Qwen__Qwen2.5-Coder-7B,arc_challenge,mink_10,500,500,0.852,0.874,-0.02200000000000002,-0.06600000000000006,0.018000000000000016,0.1872
Qwen__Qwen2.5-Coder-7B,arc_challenge,mink_20,500,500,0.87,0.856,0.014000000000000012,-0.03200000000000003,0.05800000000000005,0.7754
Qwen__Qwen2.5-Coder-7B,arc_challenge,mink_30,500,500,0.868,0.858,0.010000000000000009,-0.03400000000000003,0.052000000000000046,0.7134
Qwen__Qwen2.5-Coder-7B,arc_challenge,mink_50,500,500,0.862,0.864,-0.0020000000000000018,-0.04400000000000004,0.040000000000000036,0.5092
Qwen__Qwen2.5-Coder-7B,humaneval,mink_5,82,82,0.07317073170731707,0.10975609756097561,-0.03658536585365854,-0.12195121951219513,0.04878048780487805,0.2954
Qwen__Qwen2.5-Coder-7B,humaneval,mink_10,82,82,0.07317073170731707,0.10975609756097561,-0.03658536585365854,-0.13414634146341464,0.04878048780487805,0.294
Qwen__Qwen2.5-Coder-7B,humaneval,mink_20,82,82,0.036585365853658534,0.14634146341463414,-0.1097560975609756,-0.1951219512195122,-0.024390243902439032,0.0148
Qwen__Qwen2.5-Coder-7B,humaneval,mink_30,82,82,0.04878048780487805,0.13414634146341464,-0.08536585365853659,-0.17073170731707318,0.0,0.05
Qwen__Qwen2.5-Coder-7B,humaneval,mink_50,82,82,0.04878048780487805,0.13414634146341464,-0.08536585365853659,-0.17073170731707318,0.0,0.0516
Qwen__Qwen2.5-Coder-7B,mbpp,mink_5,250,250,0.004,0.004,0.0,-0.012,0.012,0.7466
Qwen__Qwen2.5-Coder-7B,mbpp,mink_10,250,250,0.008,0.0,0.008,0.0,0.02,1.0
Qwen__Qwen2.5-Coder-7B,mbpp,mink_20,250,250,0.008,0.0,0.008,0.0,0.02,1.0
Qwen__Qwen2.5-Coder-7B,mbpp,mink_30,250,250,0.008,0.0,0.008,0.0,0.02,1.0
Qwen__Qwen2.5-Coder-7B,mbpp,mink_50,250,250,0.008,0.0,0.008,0.0,0.02,1.0
Qwen__Qwen2.5-Coder-7B,mbpp,v2_ensemble,292,52,0.0,0.0,0.0,0.0,0.0,1.0
Qwen__Qwen2.5-Coder-7B,truthfulqa_mc,mink_5,408,409,0.5833333333333334,0.5378973105134475,0.0454360228198859,-0.023113673953689122,0.11151061891749359,0.9104
Qwen__Qwen2.5-Coder-7B,truthfulqa_mc,mink_10,408,409,0.571078431372549,0.5501222493887531,0.020956181983795896,-0.04752205283091236,0.08939876072678457,0.7428
Qwen__Qwen2.5-Coder-7B,truthfulqa_mc,mink_20,408,409,0.5735294117647058,0.5476772616136919,0.025852150151013942,-0.042810207823960944,0.09195700896495528,0.8008
Qwen__Qwen2.5-Coder-7B,truthfulqa_mc,mink_30,408,409,0.5833333333333334,0.5378973105134475,0.0454360228198859,-0.023113973584543913,0.11153638717100539,0.9114
Qwen__Qwen2.5-Coder-7B,truthfulqa_mc,mink_50,408,409,0.5857843137254902,0.5354523227383863,0.05033199098710395,-0.013327730236348808,0.11648449110695624,0.9358
Qwen__Qwen2.5-Math-7B,gsm8k_test,mink_5,500,500,0.266,0.37,-0.10399999999999998,-0.16405000000000003,-0.04400000000000004,0.0004
Qwen__Qwen2.5-Math-7B,gsm8k_test,mink_10,500,500,0.266,0.37,-0.10399999999999998,-0.15999999999999998,-0.04400000000000004,0.0004
Qwen__Qwen2.5-Math-7B,gsm8k_test,mink_20,500,500,0.28,0.356,-0.07599999999999996,-0.13,-0.021950000000000292,0.0068
Qwen__Qwen2.5-Math-7B,gsm8k_test,mink_30,500,500,0.276,0.36,-0.08399999999999996,-0.14,-0.028000000000000025,0.0028
Qwen__Qwen2.5-Math-7B,gsm8k_test,mink_50,500,500,0.282,0.354,-0.07200000000000001,-0.13,-0.014000000000000012,0.008
Qwen__Qwen2.5-Math-7B,gsm8k_test,v2_ensemble,501,27,0.35728542914171657,0.4074074074074074,-0.050121978265690814,-0.24242625859392328,0.1310711909514305,0.3712
Qwen__Qwen2.5-Math-7B,mmlu_test,mink_5,484,485,0.5661157024793388,0.5670103092783505,-0.0008946067990116546,-0.0607738348811451,0.06098236346596242,0.5096
Qwen__Qwen2.5-Math-7B,mmlu_test,mink_10,484,485,0.5661157024793388,0.5670103092783505,-0.0008946067990116546,-0.06280991735537189,0.059006134446621776,0.5126
Qwen__Qwen2.5-Math-7B,mmlu_test,mink_20,484,485,0.5619834710743802,0.5711340206185567,-0.00915054954417649,-0.0710914202947942,0.05484812984578693,0.4032
Qwen__Qwen2.5-Math-7B,mmlu_test,mink_30,484,485,0.5661157024793388,0.5670103092783505,-0.0008946067990116546,-0.05871251171508904,0.058981532759649055,0.5108
Qwen__Qwen2.5-Math-7B,mmlu_test,mink_50,484,485,0.5578512396694215,0.5752577319587628,-0.017406492289341324,-0.07936472267189236,0.044555465621538476,0.3104
Qwen__Qwen2.5-Math-7B,hellaswag_val,mink_5,500,500,0.448,0.41,0.038000000000000034,-0.023999999999999966,0.09999999999999998,0.8984
Qwen__Qwen2.5-Math-7B,hellaswag_val,mink_10,500,500,0.458,0.4,0.057999999999999996,-0.0040000000000000036,0.118,0.971
Qwen__Qwen2.5-Math-7B,hellaswag_val,mink_20,500,500,0.42,0.438,-0.018000000000000016,-0.07999999999999996,0.04200000000000004,0.299
Qwen__Qwen2.5-Math-7B,hellaswag_val,mink_30,500,500,0.418,0.44,-0.02200000000000002,-0.08400000000000002,0.03600000000000003,0.2622
Qwen__Qwen2.5-Math-7B,hellaswag_val,mink_50,500,500,0.422,0.436,-0.014000000000000012,-0.07799999999999996,0.045999999999999985,0.3384
Qwen__Qwen2.5-Math-7B,arc_challenge,mink_5,500,500,0.782,0.736,0.04600000000000004,-0.008000000000000007,0.09999999999999998,0.963
Qwen__Qwen2.5-Math-7B,arc_challenge,mink_10,500,500,0.786,0.732,0.05400000000000005,0.0020000000000000018,0.10799999999999998,0.9788
Qwen__Qwen2.5-Math-7B,arc_challenge,mink_20,500,500,0.792,0.726,0.06600000000000006,0.01200000000000001,0.118,0.994
Qwen__Qwen2.5-Math-7B,arc_challenge,mink_30,500,500,0.782,0.736,0.04600000000000004,-0.008000000000000007,0.10200000000000009,0.9576
Qwen__Qwen2.5-Math-7B,arc_challenge,mink_50,500,500,0.782,0.736,0.04600000000000004,-0.006000000000000005,0.10000000000000009,0.9622
Qwen__Qwen2.5-Math-7B,arc_challenge,v2_ensemble,849,14,0.7526501766784452,0.7857142857142857,-0.03306410903584045,-0.24146054181389875,0.19182231196365473,0.5266
Qwen__Qwen2.5-Math-7B,humaneval,mink_5,82,82,0.10975609756097561,0.07317073170731707,0.03658536585365854,-0.04878048780487805,0.12195121951219512,0.861
Qwen__Qwen2.5-Math-7B,humaneval,mink_10,82,82,0.08536585365853659,0.0975609756097561,-0.01219512195121951,-0.1097560975609756,0.07317073170731708,0.5096
Qwen__Qwen2.5-Math-7B,humaneval,mink_20,82,82,0.0975609756097561,0.08536585365853659,0.01219512195121951,-0.07317073170731708,0.0975609756097561,0.7084
Qwen__Qwen2.5-Math-7B,humaneval,mink_30,82,82,0.08536585365853659,0.0975609756097561,-0.01219512195121951,-0.0975609756097561,0.07317073170731707,0.498
Qwen__Qwen2.5-Math-7B,humaneval,mink_50,82,82,0.06097560975609756,0.12195121951219512,-0.06097560975609756,-0.14634146341463417,0.02439024390243902,0.145
Qwen__Qwen2.5-Math-7B,humaneval,v2_ensemble,37,21,0.08108108108108109,0.09523809523809523,-0.014157014157014147,-0.18404118404118402,0.13513513513513514,0.6112
Qwen__Qwen2.5-Math-7B,mbpp,mink_5,250,250,0.0,0.0,0.0,0.0,0.0,1.0
Qwen__Qwen2.5-Math-7B,mbpp,mink_10,250,250,0.0,0.0,0.0,0.0,0.0,1.0
Qwen__Qwen2.5-Math-7B,mbpp,mink_20,250,250,0.0,0.0,0.0,0.0,0.0,1.0
Qwen__Qwen2.5-Math-7B,mbpp,mink_30,250,250,0.0,0.0,0.0,0.0,0.0,1.0
Qwen__Qwen2.5-Math-7B,mbpp,mink_50,250,250,0.0,0.0,0.0,0.0,0.0,1.0
Qwen__Qwen2.5-Math-7B,mbpp,v2_ensemble,381,13,0.0,0.0,0.0,0.0,0.0,1.0
Qwen__Qwen2.5-Math-7B,truthfulqa_mc,mink_5,408,409,0.3284313725490196,0.34963325183374083,-0.021201879284721226,-0.08242290498106329,0.04245784193873147,0.2892
Qwen__Qwen2.5-Math-7B,truthfulqa_mc,mink_10,408,409,0.3333333333333333,0.34474327628361856,-0.011409942950285246,-0.07994765448966873,0.0546707955798456,0.3882
Qwen__Qwen2.5-Math-7B,truthfulqa_mc,mink_20,408,409,0.3480392156862745,0.33007334963325186,0.01796586605302264,-0.043261002444987755,0.08401694112852963,0.7332
Qwen__Qwen2.5-Math-7B,truthfulqa_mc,mink_30,408,409,0.36519607843137253,0.31295843520782396,0.05223764322354857,-0.011458333333333338,0.11584328107771225,0.9552
Qwen__Qwen2.5-Math-7B,truthfulqa_mc,mink_50,408,409,0.375,0.30317848410757947,0.07182151589242053,0.00818591495277815,0.13542805263914856,0.9868
Qwen__Qwen3-8B,gsm8k_test,mink_5,500,500,0.32,0.344,-0.023999999999999966,-0.08599999999999997,0.03600000000000003,0.2356
Qwen__Qwen3-8B,gsm8k_test,mink_10,500,500,0.32,0.344,-0.023999999999999966,-0.08200000000000002,0.03400000000000003,0.2348
Qwen__Qwen3-8B,gsm8k_test,mink_20,500,500,0.328,0.336,-0.008000000000000007,-0.07,0.05199999999999999,0.4188
Qwen__Qwen3-8B,gsm8k_test,mink_30,500,500,0.324,0.34,-0.016000000000000014,-0.07600000000000001,0.04204999999999976,0.3286
Qwen__Qwen3-8B,gsm8k_test,mink_50,500,500,0.326,0.338,-0.01200000000000001,-0.07,0.04404999999999976,0.3694
Qwen__Qwen3-8B,mmlu_test,mink_5,484,485,0.71900826446281,0.7237113402061855,-0.004703075743375584,-0.06250351452671037,0.05315934651103314,0.463
Qwen__Qwen3-8B,mmlu_test,mink_10,484,485,0.7169421487603306,0.7257731958762886,-0.008831047115958057,-0.06454822356649906,0.05104381443298968,0.3978
Qwen__Qwen3-8B,mmlu_test,mink_20,484,485,0.7066115702479339,0.7360824742268042,-0.02947090397887031,-0.0851750873306637,0.02841281843741992,0.1716
Qwen__Qwen3-8B,mmlu_test,mink_30,484,485,0.7045454545454546,0.7381443298969073,-0.03359887535145267,-0.09136960040896308,0.024209870495015783,0.129
Qwen__Qwen3-8B,mmlu_test,mink_50,484,485,0.71900826446281,0.7237113402061855,-0.004703075743375584,-0.060398739030416704,0.04905374030842601,0.4402
Qwen__Qwen3-8B,hellaswag_val,mink_5,500,500,0.87,0.806,0.06399999999999995,0.019999999999999907,0.10799999999999998,0.9978
Qwen__Qwen3-8B,hellaswag_val,mink_10,500,500,0.882,0.794,0.08799999999999997,0.04400000000000004,0.134,1.0
Qwen__Qwen3-8B,hellaswag_val,mink_20,500,500,0.904,0.772,0.132,0.08999999999999997,0.17799999999999994,1.0
Qwen__Qwen3-8B,hellaswag_val,mink_30,500,500,0.908,0.768,0.14,0.09399999999999997,0.18599999999999994,1.0
Qwen__Qwen3-8B,hellaswag_val,mink_50,500,500,0.91,0.766,0.14400000000000002,0.09799999999999998,0.19000000000000006,1.0
Qwen__Qwen3-8B,arc_challenge,mink_5,500,500,0.92,0.896,0.02400000000000002,-0.01200000000000001,0.05800000000000005,0.928
Qwen__Qwen3-8B,arc_challenge,mink_10,500,500,0.912,0.904,0.008000000000000007,-0.027999999999999914,0.04400000000000004,0.707
Qwen__Qwen3-8B,arc_challenge,mink_20,500,500,0.91,0.906,0.0040000000000000036,-0.03199999999999992,0.040000000000000036,0.624
Qwen__Qwen3-8B,arc_challenge,mink_30,500,500,0.914,0.902,0.01200000000000001,-0.02400000000000002,0.04800000000000004,0.7802
Qwen__Qwen3-8B,arc_challenge,mink_50,500,500,0.908,0.908,0.0,-0.03600000000000003,0.038000000000000034,0.5456
Qwen__Qwen3-8B,humaneval,mink_5,82,82,0.08536585365853659,0.07317073170731707,0.012195121951219523,-0.07317073170731707,0.0975609756097561,0.7146
Qwen__Qwen3-8B,humaneval,mink_10,82,82,0.08536585365853659,0.07317073170731707,0.012195121951219523,-0.07317073170731708,0.08536585365853659,0.7182
Qwen__Qwen3-8B,humaneval,mink_20,82,82,0.08536585365853659,0.07317073170731707,0.012195121951219523,-0.06128048780487804,0.09756097560975609,0.7106
Qwen__Qwen3-8B,humaneval,mink_30,82,82,0.08536585365853659,0.07317073170731707,0.012195121951219523,-0.060975609756097573,0.09756097560975609,0.7184
Qwen__Qwen3-8B,humaneval,mink_50,82,82,0.08536585365853659,0.07317073170731707,0.012195121951219523,-0.07317073170731708,0.09756097560975609,0.726
Qwen__Qwen3-8B,humaneval,v2_ensemble,82,10,0.08536585365853659,0.2,-0.11463414634146342,-0.4024390243902439,0.10975609756097561,0.2482
Qwen__Qwen3-8B,mbpp,mink_5,250,250,0.0,0.0,0.0,0.0,0.0,1.0
Qwen__Qwen3-8B,mbpp,mink_10,250,250,0.0,0.0,0.0,0.0,0.0,1.0
Qwen__Qwen3-8B,mbpp,mink_20,250,250,0.0,0.0,0.0,0.0,0.0,1.0
Qwen__Qwen3-8B,mbpp,mink_30,250,250,0.0,0.0,0.0,0.0,0.0,1.0
Qwen__Qwen3-8B,mbpp,mink_50,250,250,0.0,0.0,0.0,0.0,0.0,1.0
Qwen__Qwen3-8B,truthfulqa_mc,mink_5,408,409,0.7965686274509803,0.7383863080684596,0.05818231938252072,-0.0005394853540437977,0.116964949182607,0.9746
Qwen__Qwen3-8B,truthfulqa_mc,mink_10,408,409,0.803921568627451,0.7310513447432763,0.07287022388417475,0.014142576345941738,0.13406083704875593,0.9938
Qwen__Qwen3-8B,truthfulqa_mc,mink_20,408,409,0.8161764705882353,0.7188264058679706,0.09735006472026464,0.036177129776115764,0.15855266311903737,0.9996
Qwen__Qwen3-8B,truthfulqa_mc,mink_30,408,409,0.8186274509803921,0.7163814180929096,0.10224603288748257,0.045969215925979245,0.15851086461479458,1.0
Qwen__Qwen3-8B,truthfulqa_mc,mink_50,408,409,0.8382352941176471,0.6968215158924206,0.1414137782252265,0.08269197348866197,0.19770243060549408,1.0
allenai__OLMo-2-1124-7B,gsm8k_test,mink_5,500,500,0.324,0.288,0.03600000000000003,-0.02400000000000002,0.09199999999999997,0.9002
allenai__OLMo-2-1124-7B,gsm8k_test,mink_10,500,500,0.332,0.28,0.05199999999999999,-0.0040000000000000036,0.10604999999999971,0.9724
allenai__OLMo-2-1124-7B,gsm8k_test,mink_20,500,500,0.338,0.274,0.064,0.006000000000000005,0.118,0.988
allenai__OLMo-2-1124-7B,gsm8k_test,mink_30,500,500,0.332,0.28,0.05199999999999999,-0.006000000000000005,0.11199999999999996,0.9716
allenai__OLMo-2-1124-7B,gsm8k_test,mink_50,500,500,0.344,0.268,0.07599999999999996,0.018000000000000016,0.136,0.996
allenai__OLMo-2-1124-7B,gsm8k_test,v2_ensemble,205,126,0.25853658536585367,0.42063492063492064,-0.16209833526906697,-0.2694928377855207,-0.055940766550522665,0.0016
allenai__OLMo-2-1124-7B,mmlu_test,mink_5,484,485,0.5785123966942148,0.5958762886597938,-0.01736389196557897,-0.07525506943852768,0.04250713555423019,0.3108
allenai__OLMo-2-1124-7B,mmlu_test,mink_10,484,485,0.5702479338842975,0.6041237113402061,-0.03387577745590864,-0.09579119451307828,0.02395895458805492,0.1524
allenai__OLMo-2-1124-7B,mmlu_test,mink_20,484,485,0.5640495867768595,0.6103092783505155,-0.04625969157365606,-0.11035145267104035,0.015604711595808143,0.0728
allenai__OLMo-2-1124-7B,mmlu_test,mink_30,484,485,0.5681818181818182,0.6061855670103092,-0.038003748828491,-0.09995313964386132,0.021820098832751073,0.1244
allenai__OLMo-2-1124-7B,mmlu_test,mink_50,484,485,0.5723140495867769,0.6020618556701031,-0.029747806083326167,-0.09572388600153359,0.032146523813581,0.1844
allenai__OLMo-2-1124-7B,hellaswag_val,mink_5,500,500,0.582,0.556,0.025999999999999912,-0.03599999999999992,0.08799999999999997,0.8182
allenai__OLMo-2-1124-7B,hellaswag_val,mink_10,500,500,0.592,0.546,0.04599999999999993,-0.016000000000000014,0.10999999999999999,0.9366
allenai__OLMo-2-1124-7B,hellaswag_val,mink_20,500,500,0.6,0.538,0.061999999999999944,0.0040000000000000036,0.12204999999999973,0.9784
allenai__OLMo-2-1124-7B,hellaswag_val,mink_30,500,500,0.592,0.546,0.04599999999999993,-0.015999999999999903,0.10799999999999998,0.9396
allenai__OLMo-2-1124-7B,hellaswag_val,mink_50,500,500,0.584,0.554,0.029999999999999916,-0.03205000000000002,0.09399999999999997,0.8464
allenai__OLMo-2-1124-7B,arc_challenge,mink_5,500,500,0.752,0.772,-0.020000000000000018,-0.07399999999999995,0.03200000000000003,0.2504
allenai__OLMo-2-1124-7B,arc_challenge,mink_10,500,500,0.752,0.772,-0.020000000000000018,-0.07000000000000006,0.03400000000000003,0.2516
allenai__OLMo-2-1124-7B,arc_challenge,mink_20,500,500,0.756,0.768,-0.01200000000000001,-0.06000000000000005,0.040000000000000036,0.3456
allenai__OLMo-2-1124-7B,arc_challenge,mink_30,500,500,0.754,0.77,-0.016000000000000014,-0.06800000000000006,0.03600000000000003,0.2988
allenai__OLMo-2-1124-7B,arc_challenge,mink_50,500,500,0.75,0.774,-0.02400000000000002,-0.07800000000000007,0.02604999999999975,0.205
allenai__OLMo-2-1124-7B,humaneval,mink_5,82,82,0.04878048780487805,0.036585365853658534,0.012195121951219516,-0.04878048780487806,0.07317073170731708,0.7832
allenai__OLMo-2-1124-7B,humaneval,mink_10,82,82,0.04878048780487805,0.036585365853658534,0.012195121951219516,-0.04878048780487805,0.07317073170731708,0.7832
allenai__OLMo-2-1124-7B,humaneval,mink_20,82,82,0.04878048780487805,0.036585365853658534,0.012195121951219516,-0.04878048780487805,0.07317073170731708,0.7742
allenai__OLMo-2-1124-7B,humaneval,mink_30,82,82,0.06097560975609756,0.024390243902439025,0.036585365853658534,-0.024390243902439022,0.0975609756097561,0.941
allenai__OLMo-2-1124-7B,humaneval,mink_50,82,82,0.07317073170731707,0.012195121951219513,0.06097560975609756,0.0,0.12195121951219512,0.9934
allenai__OLMo-2-1124-7B,mbpp,mink_5,250,250,0.0,0.0,0.0,0.0,0.0,1.0
allenai__OLMo-2-1124-7B,mbpp,mink_10,250,250,0.0,0.0,0.0,0.0,0.0,1.0
allenai__OLMo-2-1124-7B,mbpp,mink_20,250,250,0.0,0.0,0.0,0.0,0.0,1.0
allenai__OLMo-2-1124-7B,mbpp,mink_30,250,250,0.0,0.0,0.0,0.0,0.0,1.0
allenai__OLMo-2-1124-7B,mbpp,mink_50,250,250,0.0,0.0,0.0,0.0,0.0,1.0
allenai__OLMo-2-1124-7B,truthfulqa_mc,mink_5,408,409,0.37254901960784315,0.43276283618581907,-0.06021381657797592,-0.12627058463972385,0.008299924493024574,0.0454
allenai__OLMo-2-1124-7B,truthfulqa_mc,mink_10,408,409,0.3872549019607843,0.4180929095354523,-0.03083800757466798,-0.1018207068891126,0.03531554125317606,0.2076
allenai__OLMo-2-1124-7B,truthfulqa_mc,mink_20,408,409,0.39215686274509803,0.4132029339853301,-0.021046071240232056,-0.08951846325327194,0.05235854427345512,0.2768
allenai__OLMo-2-1124-7B,truthfulqa_mc,mink_30,408,409,0.39705882352941174,0.4083129584352078,-0.011254134905796076,-0.07502456973009251,0.049920148377199276,0.3862
allenai__OLMo-2-1124-7B,truthfulqa_mc,mink_50,408,409,0.39950980392156865,0.4058679706601467,-0.0063581667385780305,-0.07004170861498632,0.06221565031880726,0.4456
deepseek-ai__DeepSeek-R1-Distill-Qwen-7B,gsm8k_test,mink_5,500,500,0.078,0.136,-0.05800000000000001,-0.09799999999999999,-0.020000000000000004,0.003
deepseek-ai__DeepSeek-R1-Distill-Qwen-7B,gsm8k_test,mink_10,500,500,0.078,0.136,-0.05800000000000001,-0.09599999999999999,-0.022000000000000006,0.0016
deepseek-ai__DeepSeek-R1-Distill-Qwen-7B,gsm8k_test,mink_20,500,500,0.084,0.13,-0.046,-0.084,-0.008000000000000007,0.0134
deepseek-ai__DeepSeek-R1-Distill-Qwen-7B,gsm8k_test,mink_30,500,500,0.09,0.124,-0.034,-0.074,0.0040000000000000036,0.0478
deepseek-ai__DeepSeek-R1-Distill-Qwen-7B,gsm8k_test,mink_50,500,500,0.088,0.126,-0.038000000000000006,-0.07599999999999998,0.0040000000000000036,0.033
deepseek-ai__DeepSeek-R1-Distill-Qwen-7B,mmlu_test,mink_5,484,485,0.5268595041322314,0.5360824742268041,-0.009222970094572736,-0.07115968731362361,0.054767508733066406,0.4106
deepseek-ai__DeepSeek-R1-Distill-Qwen-7B,mmlu_test,mink_10,484,485,0.5433884297520661,0.5195876288659794,0.023800800886086715,-0.038127396268211614,0.08374233194172254,0.7872
deepseek-ai__DeepSeek-R1-Distill-Qwen-7B,mmlu_test,mink_20,484,485,0.5495867768595041,0.51340206185567,0.03618471500383402,-0.02574390815370193,0.10216856948112804,0.8796
deepseek-ai__DeepSeek-R1-Distill-Qwen-7B,mmlu_test,mink_30,484,485,0.5413223140495868,0.5216494845360825,0.019672829513504242,-0.04224769958251684,0.08364594870921024,0.7436
deepseek-ai__DeepSeek-R1-Distill-Qwen-7B,mmlu_test,mink_50,484,485,0.5454545454545454,0.5175257731958763,0.027928772258669077,-0.03604424043622735,0.0898696430092869,0.8302
deepseek-ai__DeepSeek-R1-Distill-Qwen-7B,hellaswag_val,mink_5,500,500,0.442,0.406,0.035999999999999976,-0.026000000000000023,0.09800000000000003,0.8878
deepseek-ai__DeepSeek-R1-Distill-Qwen-7B,hellaswag_val,mink_10,500,500,0.438,0.41,0.028000000000000025,-0.030000000000000027,0.09199999999999997,0.8268
deepseek-ai__DeepSeek-R1-Distill-Qwen-7B,hellaswag_val,mink_20,500,500,0.452,0.396,0.055999999999999994,-0.0040000000000000036,0.11599999999999999,0.9698
deepseek-ai__DeepSeek-R1-Distill-Qwen-7B,hellaswag_val,mink_30,500,500,0.434,0.414,0.020000000000000018,-0.040000000000000036,0.07800000000000001,0.7606
deepseek-ai__DeepSeek-R1-Distill-Qwen-7B,hellaswag_val,mink_50,500,500,0.426,0.422,0.0040000000000000036,-0.06,0.064,0.5768
deepseek-ai__DeepSeek-R1-Distill-Qwen-7B,arc_challenge,mink_5,500,500,0.696,0.68,0.015999999999999903,-0.041999999999999926,0.07004999999999968,0.7424
deepseek-ai__DeepSeek-R1-Distill-Qwen-7B,arc_challenge,mink_10,500,500,0.698,0.678,0.019999999999999907,-0.03599999999999992,0.07599999999999996,0.7802
deepseek-ai__DeepSeek-R1-Distill-Qwen-7B,arc_challenge,mink_20,500,500,0.716,0.66,0.05599999999999994,0.0,0.11404999999999972,0.9756
deepseek-ai__DeepSeek-R1-Distill-Qwen-7B,arc_challenge,mink_30,500,500,0.696,0.68,0.015999999999999903,-0.04599999999999993,0.07599999999999996,0.7252
deepseek-ai__DeepSeek-R1-Distill-Qwen-7B,arc_challenge,mink_50,500,500,0.702,0.674,0.027999999999999914,-0.030000000000000027,0.08399999999999996,0.854
deepseek-ai__DeepSeek-R1-Distill-Qwen-7B,humaneval,mink_5,82,82,0.036585365853658534,0.07317073170731707,-0.036585365853658534,-0.10975609756097562,0.024390243902439025,0.2488
deepseek-ai__DeepSeek-R1-Distill-Qwen-7B,humaneval,mink_10,82,82,0.04878048780487805,0.06097560975609756,-0.01219512195121951,-0.08536585365853659,0.06097560975609756,0.5002
deepseek-ai__DeepSeek-R1-Distill-Qwen-7B,humaneval,mink_20,82,82,0.06097560975609756,0.04878048780487805,0.01219512195121951,-0.06097560975609756,0.08536585365853658,0.7612
deepseek-ai__DeepSeek-R1-Distill-Qwen-7B,humaneval,mink_30,82,82,0.04878048780487805,0.06097560975609756,-0.01219512195121951,-0.08536585365853659,0.06097560975609756,0.5018
deepseek-ai__DeepSeek-R1-Distill-Qwen-7B,humaneval,mink_50,82,82,0.04878048780487805,0.06097560975609756,-0.01219512195121951,-0.08536585365853659,0.06097560975609756,0.4984
deepseek-ai__DeepSeek-R1-Distill-Qwen-7B,mbpp,mink_5,250,250,0.0,0.0,0.0,0.0,0.0,1.0
deepseek-ai__DeepSeek-R1-Distill-Qwen-7B,mbpp,mink_10,250,250,0.0,0.0,0.0,0.0,0.0,1.0
deepseek-ai__DeepSeek-R1-Distill-Qwen-7B,mbpp,mink_20,250,250,0.0,0.0,0.0,0.0,0.0,1.0
deepseek-ai__DeepSeek-R1-Distill-Qwen-7B,mbpp,mink_30,250,250,0.0,0.0,0.0,0.0,0.0,1.0
deepseek-ai__DeepSeek-R1-Distill-Qwen-7B,mbpp,mink_50,250,250,0.0,0.0,0.0,0.0,0.0,1.0
deepseek-ai__DeepSeek-R1-Distill-Qwen-7B,truthfulqa_mc,mink_5,408,409,0.24754901960784315,0.24205378973105135,0.005495229876791796,-0.0507935723189031,0.06180200992377393,0.6092
deepseek-ai__DeepSeek-R1-Distill-Qwen-7B,truthfulqa_mc,mink_10,408,409,0.23284313725490197,0.2567237163814181,-0.023880579126516144,-0.0801401673138693,0.03488317392971859,0.2416
deepseek-ai__DeepSeek-R1-Distill-Qwen-7B,truthfulqa_mc,mink_20,408,409,0.23284313725490197,0.2567237163814181,-0.023880579126516144,-0.08257242077760199,0.03000533342921518,0.2336
deepseek-ai__DeepSeek-R1-Distill-Qwen-7B,truthfulqa_mc,mink_30,408,409,0.23529411764705882,0.254278728606357,-0.018984610959298154,-0.08259039862888923,0.03979127714655547,0.2774
deepseek-ai__DeepSeek-R1-Distill-Qwen-7B,truthfulqa_mc,mink_50,408,409,0.22794117647058823,0.2616136919315403,-0.033672515460952096,-0.09006753679466896,0.027572031257490776,0.1566
google__gemma-2-27b,gsm8k_test,mink_5,500,500,0.634,0.754,-0.12,-0.17400000000000004,-0.06399999999999995,0.0
google__gemma-2-27b,gsm8k_test,mink_10,500,500,0.65,0.738,-0.08799999999999997,-0.14200000000000002,-0.031950000000000194,0.001
google__gemma-2-27b,gsm8k_test,mink_20,500,500,0.664,0.724,-0.05999999999999994,-0.11599999999999999,-0.0020000000000000018,0.0244
google__gemma-2-27b,gsm8k_test,mink_30,500,500,0.674,0.714,-0.039999999999999925,-0.09599999999999997,0.016000000000000014,0.104
google__gemma-2-27b,gsm8k_test,mink_50,500,500,0.682,0.706,-0.02399999999999991,-0.07999999999999996,0.03399999999999992,0.2408
google__gemma-2-27b,mmlu_test,mink_5,484,485,0.7334710743801653,0.7587628865979381,-0.02529181221777277,-0.07898557979040646,0.03245739967623753,0.2014
google__gemma-2-27b,mmlu_test,mink_10,484,485,0.7045454545454546,0.7876288659793814,-0.08308341143392683,-0.13674309874755045,-0.029393690892050843,0.0028
google__gemma-2-27b,mmlu_test,mink_20,484,485,0.7004132231404959,0.7917525773195876,-0.09133935417909167,-0.14706068416119955,-0.0356052440998552,0.0006
google__gemma-2-27b,mmlu_test,mink_30,484,485,0.7128099173553719,0.7793814432989691,-0.06657152594359717,-0.11819470477975626,-0.006739264718411895,0.008
google__gemma-2-27b,mmlu_test,mink_50,484,485,0.7210743801652892,0.7711340206185567,-0.050059640453267495,-0.10580227059725646,0.003613146459913135,0.0422
google__gemma-2-27b,hellaswag_val,mink_5,500,500,0.836,0.804,0.03199999999999992,-0.015999999999999903,0.08004999999999969,0.9208
google__gemma-2-27b,hellaswag_val,mink_10,500,500,0.866,0.774,0.09199999999999997,0.04200000000000004,0.14,1.0
google__gemma-2-27b,hellaswag_val,mink_20,500,500,0.888,0.752,0.136,0.08999999999999997,0.18600000000000005,1.0
google__gemma-2-27b,hellaswag_val,mink_30,500,500,0.898,0.742,0.15600000000000003,0.10799999999999998,0.20400000000000007,1.0
google__gemma-2-27b,hellaswag_val,mink_50,500,500,0.9,0.74,0.16000000000000003,0.11399999999999999,0.20600000000000007,1.0
google__gemma-2-27b,arc_challenge,mink_5,500,500,0.912,0.904,0.008000000000000007,-0.028000000000000025,0.04400000000000004,0.7134
google__gemma-2-27b,arc_challenge,mink_10,500,500,0.906,0.91,-0.0040000000000000036,-0.040000000000000036,0.03200000000000003,0.4566
google__gemma-2-27b,arc_challenge,mink_20,500,500,0.906,0.91,-0.0040000000000000036,-0.040000000000000036,0.030000000000000027,0.4638
google__gemma-2-27b,arc_challenge,mink_30,500,500,0.914,0.902,0.01200000000000001,-0.02400000000000002,0.04599999999999993,0.7766
google__gemma-2-27b,arc_challenge,mink_50,500,500,0.914,0.902,0.01200000000000001,-0.02400000000000002,0.04800000000000004,0.7688
google__gemma-2-27b,humaneval,mink_5,82,82,0.024390243902439025,0.12195121951219512,-0.0975609756097561,-0.18292682926829268,-0.024390243902439025,0.0182
google__gemma-2-27b,humaneval,mink_10,82,82,0.036585365853658534,0.10975609756097561,-0.07317073170731708,-0.15853658536585366,0.0,0.0654
google__gemma-2-27b,humaneval,mink_20,82,82,0.04878048780487805,0.0975609756097561,-0.04878048780487805,-0.12195121951219513,0.024695121951217855,0.1866
google__gemma-2-27b,humaneval,mink_30,82,82,0.04878048780487805,0.0975609756097561,-0.04878048780487805,-0.13414634146341461,0.024390243902439032,0.1844
google__gemma-2-27b,humaneval,mink_50,82,82,0.04878048780487805,0.0975609756097561,-0.04878048780487805,-0.12195121951219513,0.024390243902439032,0.185
google__gemma-2-27b,mbpp,mink_5,250,250,0.0,0.0,0.0,0.0,0.0,1.0
google__gemma-2-27b,mbpp,mink_10,250,250,0.0,0.0,0.0,0.0,0.0,1.0
google__gemma-2-27b,mbpp,mink_20,250,250,0.0,0.0,0.0,0.0,0.0,1.0
google__gemma-2-27b,mbpp,mink_30,250,250,0.0,0.0,0.0,0.0,0.0,1.0
google__gemma-2-27b,mbpp,mink_50,250,250,0.0,0.0,0.0,0.0,0.0,1.0
google__gemma-2-27b,mbpp,v2_ensemble,409,13,0.0,0.0,0.0,0.0,0.0,1.0
google__gemma-2-27b,truthfulqa_mc,mink_5,408,409,0.75,0.7163814180929096,0.03361858190709044,-0.027584166307109685,0.09234038664365507,0.8754
google__gemma-2-27b,truthfulqa_mc,mink_10,408,409,0.7377450980392157,0.7286063569682152,0.009138741071000545,-0.04962486216980677,0.07037130255525192,0.6344
google__gemma-2-27b,truthfulqa_mc,mink_20,408,409,0.7377450980392157,0.7286063569682152,0.009138741071000545,-0.05206999976029525,0.06790324320437222,0.6428
google__gemma-2-27b,truthfulqa_mc,mink_30,408,409,0.7352941176470589,0.7310513447432763,0.00424277290378261,-0.054621206673378345,0.0629704204420154,0.5782
google__gemma-2-27b,truthfulqa_mc,mink_50,408,409,0.7622549019607843,0.7041564792176039,0.058098422743180334,-0.0008070557073685198,0.12172203844863128,0.9708
google__gemma-2-9b,gsm8k_test,mink_5,500,500,0.598,0.738,-0.14,-0.19600000000000006,-0.08395000000000023,0.0
google__gemma-2-9b,gsm8k_test,mink_10,500,500,0.602,0.734,-0.132,-0.19000000000000006,-0.07399999999999995,0.0
google__gemma-2-9b,gsm8k_test,mink_20,500,500,0.616,0.72,-0.10399999999999998,-0.16200000000000003,-0.041999999999999926,0.0004
google__gemma-2-9b,gsm8k_test,mink_30,500,500,0.626,0.71,-0.08399999999999996,-0.14200000000000002,-0.02400000000000002,0.003
google__gemma-2-9b,gsm8k_test,mink_50,500,500,0.632,0.704,-0.07199999999999995,-0.12805,-0.013950000000000285,0.01
google__gemma-2-9b,mmlu_test,mink_5,484,485,0.6260330578512396,0.7237113402061855,-0.09767828235494591,-0.15342964556530628,-0.03992427792451228,0.001
google__gemma-2-9b,mmlu_test,mink_10,484,485,0.6157024793388429,0.734020618556701,-0.11831813921785805,-0.1781804336712959,-0.05845169123285341,0.0
google__gemma-2-9b,mmlu_test,mink_20,484,485,0.6157024793388429,0.734020618556701,-0.11831813921785805,-0.1761226250319502,-0.060509393371389594,0.0
google__gemma-2-9b,mmlu_test,mink_30,484,485,0.6198347107438017,0.7298969072164948,-0.11006219647269311,-0.16792280821334238,-0.05022524921189402,0.0
google__gemma-2-9b,mmlu_test,mink_50,484,485,0.6446280991735537,0.7051546391752578,-0.0605265400017041,-0.1184148419527989,-0.006849706057766086,0.0264
google__gemma-2-9b,hellaswag_val,mink_5,500,500,0.686,0.596,0.09000000000000008,0.030000000000000027,0.15000000000000002,0.999
google__gemma-2-9b,hellaswag_val,mink_10,500,500,0.692,0.59,0.10199999999999998,0.04400000000000004,0.15800000000000003,0.9994
google__gemma-2-9b,hellaswag_val,mink_20,500,500,0.694,0.588,0.10599999999999998,0.050000000000000044,0.16599999999999993,0.9994
google__gemma-2-9b,hellaswag_val,mink_30,500,500,0.688,0.594,0.09399999999999997,0.030000000000000027,0.15204999999999974,0.9988
google__gemma-2-9b,hellaswag_val,mink_50,500,500,0.71,0.572,0.138,0.07800000000000007,0.19799999999999995,1.0
google__gemma-2-9b,arc_challenge,mink_5,453,547,0.8852097130242825,0.9122486288848263,-0.027038915860543744,-0.06526266087146017,0.010040719800154196,0.0994
google__gemma-2-9b,arc_challenge,mink_10,500,500,0.894,0.906,-0.01200000000000001,-0.050000000000000044,0.02404999999999975,0.2966
google__gemma-2-9b,arc_challenge,mink_20,500,500,0.896,0.904,-0.008000000000000007,-0.04599999999999993,0.03200000000000003,0.3748
google__gemma-2-9b,arc_challenge,mink_30,500,500,0.896,0.904,-0.008000000000000007,-0.04600000000000004,0.030000000000000027,0.366
google__gemma-2-9b,arc_challenge,mink_50,500,500,0.898,0.902,-0.0040000000000000036,-0.04200000000000004,0.03400000000000003,0.4604
google__gemma-2-9b,humaneval,mink_5,82,82,0.04878048780487805,0.0975609756097561,-0.04878048780487805,-0.13414634146341461,0.036585365853658534,0.1928
google__gemma-2-9b,humaneval,mink_10,82,82,0.04878048780487805,0.0975609756097561,-0.04878048780487805,-0.13414634146341464,0.024390243902439032,0.1794
google__gemma-2-9b,humaneval,mink_20,82,82,0.06097560975609756,0.08536585365853659,-0.024390243902439032,-0.10975609756097561,0.06097560975609756,0.3886
google__gemma-2-9b,humaneval,mink_30,82,82,0.08536585365853659,0.06097560975609756,0.024390243902439032,-0.060975609756097546,0.1097560975609756,0.801
google__gemma-2-9b,humaneval,mink_50,82,82,0.08536585365853659,0.06097560975609756,0.024390243902439032,-0.04878048780487806,0.1097560975609756,0.8082
google__gemma-2-9b,mbpp,mink_5,250,250,0.0,0.0,0.0,0.0,0.0,1.0
google__gemma-2-9b,mbpp,mink_10,250,250,0.0,0.0,0.0,0.0,0.0,1.0
google__gemma-2-9b,mbpp,mink_20,250,250,0.0,0.0,0.0,0.0,0.0,1.0
google__gemma-2-9b,mbpp,mink_30,250,250,0.0,0.0,0.0,0.0,0.0,1.0
google__gemma-2-9b,mbpp,mink_50,250,250,0.0,0.0,0.0,0.0,0.0,1.0
google__gemma-2-9b,truthfulqa_mc,mink_5,408,409,0.678921568627451,0.687041564792176,-0.00811999616472503,-0.07176773215398624,0.05794860731578688,0.4356
google__gemma-2-9b,truthfulqa_mc,mink_10,408,409,0.696078431372549,0.6699266503667481,0.026151781005800845,-0.03750779040222452,0.08969824176614413,0.812
google__gemma-2-9b,truthfulqa_mc,mink_20,408,409,0.6813725490196079,0.684596577017115,-0.003224027997507095,-0.06927555251929626,0.06526019943429694,0.4832
google__gemma-2-9b,truthfulqa_mc,mink_30,408,409,0.6887254901960784,0.6772616136919315,0.01146387650414693,-0.04977482741262762,0.07512974016012273,0.6726
google__gemma-2-9b,truthfulqa_mc,mink_50,408,409,0.6887254901960784,0.6772616136919315,0.01146387650414693,-0.052161686801860126,0.0799418116880004,0.675
ibm-granite__granite-3.1-8b-base,gsm8k_test,mink_5,500,500,0.016,0.016,0.0,-0.016,0.016,0.581
ibm-granite__granite-3.1-8b-base,gsm8k_test,mink_10,500,500,0.02,0.012,0.008,-0.007999999999999998,0.024,0.9018
ibm-granite__granite-3.1-8b-base,gsm8k_test,mink_20,500,500,0.016,0.016,0.0,-0.016,0.016,0.599
ibm-granite__granite-3.1-8b-base,gsm8k_test,mink_30,500,500,0.016,0.016,0.0,-0.016,0.016,0.5974
ibm-granite__granite-3.1-8b-base,gsm8k_test,mink_50,500,500,0.018,0.014,0.003999999999999998,-0.010049999999999998,0.019999999999999997,0.7728
ibm-granite__granite-3.1-8b-base,gsm8k_test,v2_ensemble,48,315,0.0,0.015873015873015872,-0.015873015873015872,-0.031746031746031744,-0.0031746031746031746,0.4812
ibm-granite__granite-3.1-8b-base,mmlu_test,mink_5,484,485,0.5516528925619835,0.5835051546391753,-0.03185226207719183,-0.09380633892817586,0.03210402999062794,0.172
ibm-granite__granite-3.1-8b-base,mmlu_test,mink_10,484,485,0.5165289256198347,0.6185567010309279,-0.1020277754110932,-0.15990212575615573,-0.04217378802078902,0.0012
ibm-granite__granite-3.1-8b-base,mmlu_test,mink_20,484,485,0.5206611570247934,0.6144329896907217,-0.09377183266592826,-0.15366394734599984,-0.03389271108460422,0.002
ibm-granite__granite-3.1-8b-base,mmlu_test,mink_30,484,485,0.5268595041322314,0.6082474226804123,-0.08138791854818095,-0.1433164352049075,-0.021508903467666318,0.0066
ibm-granite__granite-3.1-8b-base,mmlu_test,mink_50,484,485,0.5392561983471075,0.5958762886597938,-0.05662009031268633,-0.11851846724035099,0.005282546647354513,0.0426
ibm-granite__granite-3.1-8b-base,mmlu_test,v2_ensemble,704,20,0.5980113636363636,0.5,0.09801136363636365,-0.12617187499999996,0.31793323863636347,0.864
ibm-granite__granite-3.1-8b-base,hellaswag_val,mink_5,500,500,0.0,0.0,0.0,0.0,0.0,1.0
ibm-granite__granite-3.1-8b-base,hellaswag_val,mink_10,500,500,0.0,0.0,0.0,0.0,0.0,1.0
ibm-granite__granite-3.1-8b-base,hellaswag_val,mink_20,500,500,0.0,0.0,0.0,0.0,0.0,1.0
ibm-granite__granite-3.1-8b-base,hellaswag_val,mink_30,500,500,0.0,0.0,0.0,0.0,0.0,1.0
ibm-granite__granite-3.1-8b-base,hellaswag_val,mink_50,500,500,0.0,0.0,0.0,0.0,0.0,1.0
ibm-granite__granite-3.1-8b-base,arc_challenge,mink_5,500,500,0.728,0.762,-0.03400000000000003,-0.08799999999999997,0.018000000000000016,0.1204
ibm-granite__granite-3.1-8b-base,arc_challenge,mink_10,500,500,0.736,0.754,-0.018000000000000016,-0.07000000000000006,0.03400000000000003,0.2824
ibm-granite__granite-3.1-8b-base,arc_challenge,mink_20,500,500,0.73,0.76,-0.030000000000000027,-0.08200000000000007,0.02200000000000002,0.155
ibm-granite__granite-3.1-8b-base,arc_challenge,mink_30,500,500,0.734,0.756,-0.02200000000000002,-0.07600000000000007,0.03200000000000003,0.2218
ibm-granite__granite-3.1-8b-base,arc_challenge,mink_50,500,500,0.728,0.762,-0.03400000000000003,-0.08800000000000008,0.016000000000000014,0.1254
ibm-granite__granite-3.1-8b-base,arc_challenge,v2_ensemble,588,22,0.7551020408163265,0.6363636363636364,0.11873840445269013,-0.08012909709338281,0.31759431045145314,0.926
ibm-granite__granite-3.1-8b-base,humaneval,mink_5,82,82,0.0,0.0,0.0,0.0,0.0,1.0
ibm-granite__granite-3.1-8b-base,humaneval,mink_10,82,82,0.0,0.0,0.0,0.0,0.0,1.0
ibm-granite__granite-3.1-8b-base,humaneval,mink_20,82,82,0.0,0.0,0.0,0.0,0.0,1.0
ibm-granite__granite-3.1-8b-base,humaneval,mink_30,82,82,0.0,0.0,0.0,0.0,0.0,1.0
ibm-granite__granite-3.1-8b-base,humaneval,mink_50,82,82,0.0,0.0,0.0,0.0,0.0,1.0
ibm-granite__granite-3.1-8b-base,humaneval,v2_ensemble,22,23,0.0,0.0,0.0,0.0,0.0,1.0
ibm-granite__granite-3.1-8b-base,mbpp,mink_5,250,250,0.0,0.0,0.0,0.0,0.0,1.0
ibm-granite__granite-3.1-8b-base,mbpp,mink_10,250,250,0.0,0.0,0.0,0.0,0.0,1.0
ibm-granite__granite-3.1-8b-base,mbpp,mink_20,250,250,0.0,0.0,0.0,0.0,0.0,1.0
ibm-granite__granite-3.1-8b-base,mbpp,mink_30,250,250,0.0,0.0,0.0,0.0,0.0,1.0
ibm-granite__granite-3.1-8b-base,mbpp,mink_50,250,250,0.0,0.0,0.0,0.0,0.0,1.0
ibm-granite__granite-3.1-8b-base,mbpp,v2_ensemble,392,24,0.0,0.0,0.0,0.0,0.0,1.0
ibm-granite__granite-3.1-8b-base,truthfulqa_mc,mink_5,408,409,0.36519607843137253,0.24449877750611246,0.12069730092526007,0.05938818375761062,0.18192416942327053,1.0
ibm-granite__granite-3.1-8b-base,truthfulqa_mc,mink_10,408,409,0.34068627450980393,0.26894865525672373,0.0717376192530802,0.0056866939930006535,0.1378062227335922,0.9902
ibm-granite__granite-3.1-8b-base,truthfulqa_mc,mink_20,408,409,0.3235294117647059,0.2860635696821516,0.037465842082554324,-0.023784847068411715,0.10114354115729424,0.882
ibm-granite__granite-3.1-8b-base,truthfulqa_mc,mink_30,408,409,0.32107843137254904,0.2885085574572127,0.032569873915336334,-0.031047749173018835,0.09619348962078719,0.8566
ibm-granite__granite-3.1-8b-base,truthfulqa_mc,mink_50,408,409,0.32107843137254904,0.2885085574572127,0.032569873915336334,-0.033511463876504145,0.09621760990459755,0.8644
ibm-granite__granite-3.1-8b-base,truthfulqa_mc,v2_ensemble,347,30,0.26512968299711814,0.4666666666666667,-0.20153698366954853,-0.3912584053794428,-0.02038904899135483,0.0162
meta-llama__Llama-3.1-8B,gsm8k_test,mink_5,500,500,0.136,0.232,-0.096,-0.14400000000000002,-0.048000000000000015,0.0
meta-llama__Llama-3.1-8B,gsm8k_test,mink_10,500,500,0.13,0.238,-0.10799999999999998,-0.15800000000000003,-0.06,0.0002
meta-llama__Llama-3.1-8B,gsm8k_test,mink_20,500,500,0.144,0.224,-0.08000000000000002,-0.12600000000000003,-0.032,0.0006
meta-llama__Llama-3.1-8B,gsm8k_test,mink_30,500,500,0.142,0.226,-0.08400000000000002,-0.12805000000000002,-0.036000000000000004,0.0002
meta-llama__Llama-3.1-8B,gsm8k_test,mink_50,500,500,0.152,0.216,-0.064,-0.112,-0.014000000000000012,0.0066
meta-llama__Llama-3.1-8B,mmlu_test,mink_5,484,485,0.6425619834710744,0.6453608247422681,-0.002798841271193675,-0.060706419868791044,0.0590954886257136,0.4788
meta-llama__Llama-3.1-8B,mmlu_test,mink_10,484,485,0.5971074380165289,0.6907216494845361,-0.09361421146800719,-0.15149473886001533,-0.0357874669847491,0.0008
meta-llama__Llama-3.1-8B,mmlu_test,mink_20,484,485,0.5971074380165289,0.6907216494845361,-0.09361421146800719,-0.15773366277583714,-0.03580525261991981,0.0012
meta-llama__Llama-3.1-8B,mmlu_test,mink_30,484,485,0.6012396694214877,0.6865979381443299,-0.08535826872284225,-0.14524314134787417,-0.027532163244440695,0.0036
meta-llama__Llama-3.1-8B,mmlu_test,mink_50,484,485,0.6177685950413223,0.6701030927835051,-0.052334497742182795,-0.11633307063133681,0.011608801226889258,0.0476
meta-llama__Llama-3.1-8B,hellaswag_val,mink_5,500,500,0.438,0.388,0.04999999999999999,-0.010000000000000009,0.10800000000000004,0.9514
meta-llama__Llama-3.1-8B,hellaswag_val,mink_10,500,500,0.42,0.406,0.013999999999999957,-0.04999999999999999,0.07400000000000001,0.6864
meta-llama__Llama-3.1-8B,hellaswag_val,mink_20,500,500,0.404,0.422,-0.01799999999999996,-0.08000000000000002,0.04004999999999976,0.2996
meta-llama__Llama-3.1-8B,hellaswag_val,mink_30,500,500,0.382,0.444,-0.062,-0.124,0.0020000000000000018,0.0256
meta-llama__Llama-3.1-8B,hellaswag_val,mink_50,500,500,0.368,0.458,-0.09000000000000002,-0.15199999999999997,-0.02999999999999997,0.002
meta-llama__Llama-3.1-8B,arc_challenge,mink_5,500,500,0.776,0.8,-0.02400000000000002,-0.07399999999999995,0.028000000000000025,0.1992
meta-llama__Llama-3.1-8B,arc_challenge,mink_10,500,500,0.784,0.792,-0.008000000000000007,-0.05799999999999994,0.040000000000000036,0.4048
meta-llama__Llama-3.1-8B,arc_challenge,mink_20,500,500,0.79,0.786,0.0040000000000000036,-0.04800000000000004,0.05404999999999977,0.5872
meta-llama__Llama-3.1-8B,arc_challenge,mink_30,500,500,0.788,0.788,0.0,-0.050000000000000044,0.052000000000000046,0.5368
meta-llama__Llama-3.1-8B,arc_challenge,mink_50,500,500,0.786,0.79,-0.0040000000000000036,-0.05400000000000005,0.04600000000000004,0.4814
meta-llama__Llama-3.1-8B,arc_challenge,v2_ensemble,726,14,0.7920110192837465,0.7142857142857143,0.07772530499803221,-0.14069264069264076,0.3238636363636354,0.8456
meta-llama__Llama-3.1-8B,humaneval,mink_5,82,82,0.08536585365853659,0.0975609756097561,-0.01219512195121951,-0.0975609756097561,0.07317073170731708,0.498
meta-llama__Llama-3.1-8B,humaneval,mink_10,82,82,0.10975609756097561,0.07317073170731707,0.03658536585365854,-0.04878048780487805,0.12195121951219513,0.8574
meta-llama__Llama-3.1-8B,humaneval,mink_20,82,82,0.10975609756097561,0.07317073170731707,0.03658536585365854,-0.04878048780487805,0.12195121951219512,0.8624
meta-llama__Llama-3.1-8B,humaneval,mink_30,82,82,0.10975609756097561,0.07317073170731707,0.03658536585365854,-0.04878048780487805,0.12195121951219513,0.862
meta-llama__Llama-3.1-8B,humaneval,mink_50,82,82,0.10975609756097561,0.07317073170731707,0.03658536585365854,-0.04878048780487805,0.12195121951219513,0.8644
meta-llama__Llama-3.1-8B,humaneval,v2_ensemble,19,24,0.10526315789473684,0.16666666666666666,-0.06140350877192982,-0.2807017543859649,0.1381578947368421,0.446
meta-llama__Llama-3.1-8B,mbpp,mink_5,250,250,0.0,0.0,0.0,0.0,0.0,1.0
meta-llama__Llama-3.1-8B,mbpp,mink_10,250,250,0.0,0.0,0.0,0.0,0.0,1.0
meta-llama__Llama-3.1-8B,mbpp,mink_20,250,250,0.0,0.0,0.0,0.0,0.0,1.0
meta-llama__Llama-3.1-8B,mbpp,mink_30,250,250,0.0,0.0,0.0,0.0,0.0,1.0
meta-llama__Llama-3.1-8B,mbpp,mink_50,250,250,0.0,0.0,0.0,0.0,0.0,1.0
meta-llama__Llama-3.1-8B,mbpp,v2_ensemble,397,11,0.0,0.0,0.0,0.0,0.0,1.0
meta-llama__Llama-3.1-8B,truthfulqa_mc,mink_5,408,409,0.4117647058823529,0.3740831295843521,0.03768157629800084,-0.033265167313869304,0.1013412975214536,0.8722
meta-llama__Llama-3.1-8B,truthfulqa_mc,mink_10,408,409,0.39950980392156865,0.3863080684596577,0.013201735461910946,-0.05532998346037681,0.07930644446042479,0.6788
meta-llama__Llama-3.1-8B,truthfulqa_mc,mink_20,408,409,0.40441176470588236,0.38141809290953543,0.022993671796346926,-0.04551512536554961,0.09148943501606022,0.7698
meta-llama__Llama-3.1-8B,truthfulqa_mc,mink_30,408,409,0.4166666666666667,0.3691931540342298,0.047473512632436876,-0.021082026942806475,0.11128559614554842,0.9248
meta-llama__Llama-3.1-8B,truthfulqa_mc,mink_50,408,409,0.4019607843137255,0.38386308068459657,0.018097703629128936,-0.048001162567716575,0.08419042739345128,0.7236
microsoft__Phi-3.5-mini-instruct,gsm8k_test,mink_5,500,500,0.588,0.628,-0.040000000000000036,-0.10204999999999997,0.022049999999999747,0.1104
microsoft__Phi-3.5-mini-instruct,gsm8k_test,mink_10,500,500,0.594,0.622,-0.028000000000000025,-0.08605000000000007,0.03200000000000003,0.2004
microsoft__Phi-3.5-mini-instruct,gsm8k_test,mink_20,500,500,0.606,0.61,-0.0040000000000000036,-0.06205000000000005,0.05799999999999994,0.464
microsoft__Phi-3.5-mini-instruct,gsm8k_test,mink_30,500,500,0.616,0.6,0.016000000000000014,-0.04200000000000004,0.07600000000000007,0.7272
microsoft__Phi-3.5-mini-instruct,gsm8k_test,mink_50,500,500,0.62,0.596,0.02400000000000002,-0.03400000000000003,0.0820499999999998,0.8108
microsoft__Phi-3.5-mini-instruct,gsm8k_test,v2_ensemble,540,57,0.6092592592592593,0.5263157894736842,0.0829434697855751,-0.05655458089668621,0.22602339181286552,0.9118
microsoft__Phi-3.5-mini-instruct,mmlu_test,mink_5,484,485,0.5971074380165289,0.6865979381443299,-0.08949050012780102,-0.14935258157962006,-0.029662072931754317,0.003
microsoft__Phi-3.5-mini-instruct,mmlu_test,mink_10,484,485,0.6012396694214877,0.6824742268041237,-0.08123455738263607,-0.14111378546476952,-0.023400251341910247,0.0048
microsoft__Phi-3.5-mini-instruct,mmlu_test,mink_20,484,485,0.6012396694214877,0.6824742268041237,-0.08123455738263607,-0.13899644287296575,-0.02128173724120335,0.005
microsoft__Phi-3.5-mini-instruct,mmlu_test,mink_30,484,485,0.5971074380165289,0.6865979381443299,-0.08949050012780102,-0.1472653787168782,-0.03168601431370875,0.003
microsoft__Phi-3.5-mini-instruct,mmlu_test,mink_50,484,485,0.6033057851239669,0.6804123711340206,-0.07710658601005371,-0.13699007412456335,-0.019327660390219034,0.0078
microsoft__Phi-3.5-mini-instruct,hellaswag_val,mink_5,500,500,0.888,0.762,0.126,0.07999999999999996,0.17400000000000004,1.0
microsoft__Phi-3.5-mini-instruct,hellaswag_val,mink_10,500,500,0.914,0.736,0.17800000000000005,0.132,0.2220000000000001,1.0
microsoft__Phi-3.5-mini-instruct,hellaswag_val,mink_20,500,500,0.916,0.734,0.18200000000000005,0.134,0.2280000000000001,1.0
microsoft__Phi-3.5-mini-instruct,hellaswag_val,mink_30,500,500,0.914,0.736,0.17800000000000005,0.132,0.22000000000000008,1.0
microsoft__Phi-3.5-mini-instruct,hellaswag_val,mink_50,500,500,0.912,0.738,0.17400000000000004,0.12995,0.21800000000000008,1.0
microsoft__Phi-3.5-mini-instruct,arc_challenge,mink_5,500,500,0.796,0.828,-0.03199999999999992,-0.07999999999999996,0.018000000000000016,0.1102
microsoft__Phi-3.5-mini-instruct,arc_challenge,mink_10,500,500,0.796,0.828,-0.03199999999999992,-0.07999999999999996,0.016000000000000014,0.1106
microsoft__Phi-3.5-mini-instruct,arc_challenge,mink_20,500,500,0.804,0.82,-0.015999999999999903,-0.061999999999999944,0.03399999999999992,0.29
microsoft__Phi-3.5-mini-instruct,arc_challenge,mink_30,500,500,0.8,0.824,-0.02399999999999991,-0.07399999999999995,0.02399999999999991,0.1846
microsoft__Phi-3.5-mini-instruct,arc_challenge,mink_50,500,500,0.8,0.824,-0.02399999999999991,-0.06999999999999995,0.02399999999999991,0.1908
microsoft__Phi-3.5-mini-instruct,humaneval,mink_5,82,82,0.12195121951219512,0.10975609756097561,0.01219512195121951,-0.08536585365853658,0.09756097560975611,0.6858
microsoft__Phi-3.5-mini-instruct,humaneval,mink_10,82,82,0.14634146341463414,0.08536585365853659,0.060975609756097546,-0.03658536585365854,0.15853658536585363,0.9246
microsoft__Phi-3.5-mini-instruct,humaneval,mink_20,82,82,0.17073170731707318,0.06097560975609756,0.10975609756097562,0.01219512195121951,0.20731707317073172,0.9928
microsoft__Phi-3.5-mini-instruct,humaneval,mink_30,82,82,0.15853658536585366,0.07317073170731707,0.08536585365853659,-0.01219512195121951,0.18292682926829268,0.9772
microsoft__Phi-3.5-mini-instruct,humaneval,mink_50,82,82,0.15853658536585366,0.07317073170731707,0.08536585365853659,-0.01219512195121951,0.18292682926829268,0.9734
microsoft__Phi-3.5-mini-instruct,humaneval,v2_ensemble,15,30,0.13333333333333333,0.16666666666666666,-0.033333333333333326,-0.23333333333333334,0.2,0.5742
microsoft__Phi-3.5-mini-instruct,mbpp,mink_5,250,250,0.0,0.0,0.0,0.0,0.0,1.0
microsoft__Phi-3.5-mini-instruct,mbpp,mink_10,250,250,0.0,0.0,0.0,0.0,0.0,1.0
microsoft__Phi-3.5-mini-instruct,mbpp,mink_20,250,250,0.0,0.0,0.0,0.0,0.0,1.0
microsoft__Phi-3.5-mini-instruct,mbpp,mink_30,250,250,0.0,0.0,0.0,0.0,0.0,1.0
microsoft__Phi-3.5-mini-instruct,mbpp,mink_50,250,250,0.0,0.0,0.0,0.0,0.0,1.0
microsoft__Phi-3.5-mini-instruct,mbpp,v2_ensemble,392,36,0.0,0.0,0.0,0.0,0.0,1.0
microsoft__Phi-3.5-mini-instruct,truthfulqa_mc,mink_5,408,409,0.5931372549019608,0.6748166259168704,-0.08167937101490963,-0.14529819262668395,-0.017938599645237408,0.0076
microsoft__Phi-3.5-mini-instruct,truthfulqa_mc,mink_10,408,409,0.6102941176470589,0.6577017114914425,-0.047407593844383644,-0.1111865681480416,0.0186314959969318,0.0906
microsoft__Phi-3.5-mini-instruct,truthfulqa_mc,mink_20,408,409,0.6372549019607843,0.6308068459657702,0.006448055995014079,-0.05724837000814995,0.07251096648928522,0.6024
microsoft__Phi-3.5-mini-instruct,truthfulqa_mc,mink_30,408,409,0.6372549019607843,0.6308068459657702,0.006448055995014079,-0.06205954264346325,0.07017219785224574,0.605
microsoft__Phi-3.5-mini-instruct,truthfulqa_mc,mink_50,408,409,0.6372549019607843,0.6308068459657702,0.006448055995014079,-0.05965680281892715,0.07255890742605119,0.5986
microsoft__phi-4,gsm8k_test,mink_5,500,500,0.356,0.53,-0.17400000000000004,-0.23599999999999993,-0.11399999999999999,0.0
microsoft__phi-4,gsm8k_test,mink_10,500,500,0.356,0.53,-0.17400000000000004,-0.23800000000000004,-0.10999999999999999,0.0
microsoft__phi-4,gsm8k_test,mink_20,500,500,0.344,0.542,-0.19800000000000006,-0.25799999999999995,-0.134,0.0
microsoft__phi-4,gsm8k_test,mink_30,500,500,0.34,0.546,-0.20600000000000002,-0.26399999999999996,-0.14800000000000002,0.0
microsoft__phi-4,gsm8k_test,mink_50,500,500,0.344,0.542,-0.19800000000000006,-0.25600000000000006,-0.138,0.0
microsoft__phi-4,mmlu_test,mink_5,484,485,0.6942148760330579,0.7711340206185567,-0.07691914458549887,-0.1346900826446281,-0.02521598364147597,0.0046
microsoft__phi-4,mmlu_test,mink_10,484,485,0.6797520661157025,0.7855670103092783,-0.10581494419357584,-0.16158313453182238,-0.05213395671807116,0.0002
microsoft__phi-4,mmlu_test,mink_20,484,485,0.6694214876033058,0.7958762886597938,-0.126454801056488,-0.18009340120984924,-0.07069939081537023,0.0
microsoft__phi-4,mmlu_test,mink_30,484,485,0.6694214876033058,0.7958762886597938,-0.126454801056488,-0.1822725142711085,-0.07278244014654509,0.0
microsoft__phi-4,mmlu_test,mink_50,484,485,0.6694214876033058,0.7958762886597938,-0.126454801056488,-0.180105648802931,-0.07073336457357068,0.0
microsoft__phi-4,hellaswag_val,mink_5,500,500,0.024,0.044,-0.019999999999999997,-0.042,0.001999999999999995,0.0634
microsoft__phi-4,hellaswag_val,mink_10,500,500,0.024,0.044,-0.019999999999999997,-0.044,0.0020000000000000018,0.0562
microsoft__phi-4,hellaswag_val,mink_20,500,500,0.022,0.046,-0.024,-0.048,-0.0019999999999999983,0.026
microsoft__phi-4,hellaswag_val,mink_30,500,500,0.022,0.046,-0.024,-0.046,-0.0020000000000000018,0.0234
microsoft__phi-4,hellaswag_val,mink_50,500,500,0.016,0.052,-0.036,-0.058,-0.014000000000000002,0.0014
microsoft__phi-4,arc_challenge,mink_5,500,500,0.296,0.23,0.06599999999999998,0.008000000000000007,0.11804999999999975,0.993
microsoft__phi-4,arc_challenge,mink_10,500,500,0.274,0.252,0.02200000000000002,-0.033999999999999975,0.07799999999999999,0.8016
microsoft__phi-4,arc_challenge,mink_20,500,500,0.286,0.24,0.045999999999999985,-0.008000000000000007,0.098,0.9562
microsoft__phi-4,arc_challenge,mink_30,500,500,0.282,0.244,0.03799999999999998,-0.01599999999999996,0.09199999999999997,0.9236
microsoft__phi-4,arc_challenge,mink_50,500,500,0.296,0.23,0.06599999999999998,0.01200000000000001,0.12000000000000002,0.9924
microsoft__phi-4,arc_challenge,v2_ensemble,637,30,0.23861852433281006,0.3333333333333333,-0.09471480900052326,-0.2676609105180534,0.07352171637885924,0.163
microsoft__phi-4,humaneval,mink_5,82,82,0.10975609756097561,0.0975609756097561,0.01219512195121951,-0.08536585365853658,0.1097560975609756,0.7032
microsoft__phi-4,humaneval,mink_10,82,82,0.0975609756097561,0.10975609756097561,-0.01219512195121951,-0.10975609756097561,0.08536585365853658,0.5014
microsoft__phi-4,humaneval,mink_20,82,82,0.10975609756097561,0.0975609756097561,0.01219512195121951,-0.08536585365853659,0.09786585365853494,0.692
microsoft__phi-4,humaneval,mink_30,82,82,0.10975609756097561,0.0975609756097561,0.01219512195121951,-0.07317073170731708,0.09756097560975611,0.6938
microsoft__phi-4,humaneval,mink_50,82,82,0.10975609756097561,0.0975609756097561,0.01219512195121951,-0.07317073170731708,0.09756097560975611,0.6878
microsoft__phi-4,humaneval,v2_ensemble,33,20,0.030303030303030304,0.05,-0.0196969696969697,-0.15,0.09090909090909091,0.6298
microsoft__phi-4,mbpp,mink_5,250,250,0.0,0.0,0.0,0.0,0.0,1.0
microsoft__phi-4,mbpp,mink_10,250,250,0.0,0.0,0.0,0.0,0.0,1.0
microsoft__phi-4,mbpp,mink_20,250,250,0.0,0.0,0.0,0.0,0.0,1.0
microsoft__phi-4,mbpp,mink_30,250,250,0.0,0.0,0.0,0.0,0.0,1.0
microsoft__phi-4,mbpp,mink_50,250,250,0.0,0.0,0.0,0.0,0.0,1.0
microsoft__phi-4,mbpp,v2_ensemble,303,43,0.0,0.0,0.0,0.0,0.0,1.0
microsoft__phi-4,truthfulqa_mc,mink_5,408,409,0.3014705882352941,0.2591687041564792,0.04230188407881491,-0.01885891581571508,0.10345159763171771,0.925
microsoft__phi-4,truthfulqa_mc,mink_10,408,409,0.30392156862745096,0.2567237163814181,0.047197852246032845,-0.014152613979577173,0.10840779160074789,0.9446
microsoft__phi-4,truthfulqa_mc,mink_20,408,409,0.28921568627450983,0.2713936430317848,0.017822043242725016,-0.04100013783019319,0.07905475454240374,0.7416
microsoft__phi-4,truthfulqa_mc,mink_30,408,409,0.2867647058823529,0.27383863080684595,0.012926075075506971,-0.04828880818831199,0.07174975430269909,0.692
microsoft__phi-4,truthfulqa_mc,mink_50,408,409,0.30637254901960786,0.254278728606357,0.05209382041325089,-0.009196869456829146,0.1133209885421161,0.9578
mistralai__Mistral-7B-v0.3,gsm8k_test,mink_5,500,500,0.07,0.122,-0.05199999999999999,-0.09,-0.013999999999999999,0.0038
mistralai__Mistral-7B-v0.3,gsm8k_test,mink_10,500,500,0.064,0.128,-0.064,-0.1,-0.03,0.0
mistralai__Mistral-7B-v0.3,gsm8k_test,mink_20,500,500,0.07,0.122,-0.05199999999999999,-0.09000000000000001,-0.016,0.004
mistralai__Mistral-7B-v0.3,gsm8k_test,mink_30,500,500,0.078,0.114,-0.036000000000000004,-0.07400000000000001,0.0,0.0298
mistralai__Mistral-7B-v0.3,gsm8k_test,mink_50,500,500,0.078,0.114,-0.036000000000000004,-0.076,0.0,0.0328
mistralai__Mistral-7B-v0.3,gsm8k_test,v2_ensemble,400,12,0.135,0.0,0.135,0.1025,0.1675,1.0
mistralai__Mistral-7B-v0.3,mmlu_test,mink_5,482,487,0.4605809128630705,0.5195071868583162,-0.05892627399524569,-0.12277354367070813,0.003145794814555789,0.037
mistralai__Mistral-7B-v0.3,mmlu_test,mink_10,484,485,0.42768595041322316,0.5525773195876289,-0.12489136917440574,-0.18676418590781285,-0.060883637215642855,0.0
mistralai__Mistral-7B-v0.3,mmlu_test,mink_20,484,485,0.4132231404958678,0.5670103092783505,-0.15378716878248272,-0.2157068458720286,-0.09185460509499868,0.0
mistralai__Mistral-7B-v0.3,mmlu_test,mink_30,484,485,0.4132231404958678,0.5670103092783505,-0.15378716878248272,-0.21769670699497312,-0.09183277242907048,0.0
mistralai__Mistral-7B-v0.3,mmlu_test,mink_50,484,485,0.4132231404958678,0.5670103092783505,-0.15378716878248272,-0.2156898057425236,-0.08978433586095251,0.0
mistralai__Mistral-7B-v0.3,hellaswag_val,mink_5,500,500,0.322,0.356,-0.033999999999999975,-0.09399999999999997,0.021999999999999964,0.1416
mistralai__Mistral-7B-v0.3,hellaswag_val,mink_10,500,500,0.318,0.36,-0.04199999999999998,-0.10599999999999998,0.01799999999999996,0.089
mistralai__Mistral-7B-v0.3,hellaswag_val,mink_20,500,500,0.316,0.362,-0.045999999999999985,-0.10600000000000004,0.01200000000000001,0.068
mistralai__Mistral-7B-v0.3,hellaswag_val,mink_30,500,500,0.312,0.366,-0.05399999999999999,-0.11399999999999999,0.0040000000000000036,0.0462
mistralai__Mistral-7B-v0.3,hellaswag_val,mink_50,500,500,0.316,0.362,-0.045999999999999985,-0.10400000000000004,0.010000000000000009,0.071
mistralai__Mistral-7B-v0.3,arc_challenge,mink_5,500,500,0.748,0.702,0.04600000000000004,-0.010000000000000009,0.10204999999999982,0.963
mistralai__Mistral-7B-v0.3,arc_challenge,mink_10,500,500,0.732,0.718,0.014000000000000012,-0.040000000000000036,0.06999999999999995,0.72
mistralai__Mistral-7B-v0.3,arc_challenge,mink_20,500,500,0.724,0.726,-0.0020000000000000018,-0.05600000000000005,0.052000000000000046,0.5038
mistralai__Mistral-7B-v0.3,arc_challenge,mink_30,500,500,0.724,0.726,-0.0020000000000000018,-0.05600000000000005,0.05600000000000005,0.5026
mistralai__Mistral-7B-v0.3,arc_challenge,mink_50,500,500,0.72,0.73,-0.010000000000000009,-0.062000000000000055,0.040000000000000036,0.394
mistralai__Mistral-7B-v0.3,humaneval,mink_5,82,82,0.08536585365853659,0.08536585365853659,0.0,-0.08536585365853659,0.08536585365853658,0.6148
mistralai__Mistral-7B-v0.3,humaneval,mink_10,82,82,0.06097560975609756,0.10975609756097561,-0.04878048780487805,-0.13414634146341464,0.036585365853658534,0.2096
mistralai__Mistral-7B-v0.3,humaneval,mink_20,82,82,0.07317073170731707,0.0975609756097561,-0.024390243902439032,-0.10975609756097561,0.06097560975609756,0.3902
mistralai__Mistral-7B-v0.3,humaneval,mink_30,82,82,0.08536585365853659,0.08536585365853659,0.0,-0.08536585365853659,0.08536585365853659,0.6152
mistralai__Mistral-7B-v0.3,humaneval,mink_50,82,82,0.08536585365853659,0.08536585365853659,0.0,-0.08536585365853659,0.08536585365853658,0.61
mistralai__Mistral-7B-v0.3,humaneval,v2_ensemble,51,11,0.09803921568627451,0.18181818181818182,-0.08377896613190731,-0.33689839572192515,0.11782531194295803,0.3604
mistralai__Mistral-7B-v0.3,mbpp,mink_5,250,250,0.0,0.0,0.0,0.0,0.0,1.0
mistralai__Mistral-7B-v0.3,mbpp,mink_10,250,250,0.0,0.0,0.0,0.0,0.0,1.0
mistralai__Mistral-7B-v0.3,mbpp,mink_20,250,250,0.0,0.0,0.0,0.0,0.0,1.0
mistralai__Mistral-7B-v0.3,mbpp,mink_30,250,250,0.0,0.0,0.0,0.0,0.0,1.0
mistralai__Mistral-7B-v0.3,mbpp,mink_50,250,250,0.0,0.0,0.0,0.0,0.0,1.0
mistralai__Mistral-7B-v0.3,truthfulqa_mc,mink_5,408,409,0.38235294117647056,0.32273838630806845,0.059614554868402114,-0.006507982165971482,0.1256713229301501,0.9688
mistralai__Mistral-7B-v0.3,truthfulqa_mc,mink_10,408,409,0.38235294117647056,0.32273838630806845,0.059614554868402114,-0.003985240184093182,0.12330438899276096,0.9674
mistralai__Mistral-7B-v0.3,truthfulqa_mc,mink_20,408,409,0.3946078431372549,0.3105134474327628,0.08409439570449206,0.020321863464212057,0.15023595929814473,0.9942
mistralai__Mistral-7B-v0.3,truthfulqa_mc,mink_30,408,409,0.40441176470588236,0.30073349633251834,0.10367826837336402,0.035211719161992415,0.16727207080876363,0.9994
mistralai__Mistral-7B-v0.3,truthfulqa_mc,mink_50,408,409,0.4068627450980392,0.2982885085574572,0.10857423654058201,0.044808296179107296,0.1722158300973201,0.999
