model,benchmark,ensemble,evaluator,n_strata,iv_weighted_gap,iv_se,z_stat,p_two_sided,p_correct_direction
01-ai/Yi-1.5-9B,gsm8k_test,v2,phase5_full,3,0.24885525087224675,0.0727864654833994,3.4189769927625324,0.0006285704099231459,0.9996857147950384
01-ai/Yi-1.5-9B,mmlu_test,v1,phase5_full,2,0.13317766041687226,0.04934401766230553,2.698962644839685,0.006955598329368096,0.996522200835316
01-ai/Yi-1.5-9B,mmlu_test,v2,phase5_full,1,0.058524173027989845,0.21172032099336519,0.2764220871827596,0.7822238942273085,0.6088880528863457
01-ai/Yi-1.5-9B,hellaswag_val,v1,phase5_full,2,0.044633286486743966,0.09596264167405852,0.46511106518245876,0.6418519223574006,0.6790740388212997
01-ai/Yi-1.5-9B,arc_challenge,v1,phase5_full,3,-0.024055222136566506,0.049083250292407184,-0.4900902444980843,0.6240700410071853,0.31203502050359266
EleutherAI/pythia-1b,arc_challenge,v1,phase5_full,4,0.1373514615695479,0.03422221033106208,4.013518128748092,5.982040585794657e-05,0.999970089797071
EleutherAI/pythia-2.8b,arc_challenge,v1,phase5_full,4,0.019484963900120313,0.06574224383216254,0.2963842236639304,0.766936672085395,0.6165316639573025
EleutherAI/pythia-6.9b,mmlu_test,v1,phase5_full,1,-0.19112271540469977,0.24583039935609996,-0.7774576126683468,0.43688883309819637,0.21844441654909819
EleutherAI/pythia-6.9b,arc_challenge,v1,phase5_full,4,-0.07818738255465094,0.05449680956014571,-1.4347148610297817,0.1513683676350992,0.07568418381754963
Qwen/Qwen2.5-14B,gsm8k_test,v1,phase5_full,2,-0.00672782874617737,0.004759477076423549,-1.4135646916977935,0.15748975442738145,0.07874487721369078
Qwen/Qwen2.5-14B,gsm8k_test,v2,phase5_full,2,0.010198578185494533,0.006361429055144425,1.6031898017076907,0.10889275635257434,0.9455536218237128
Qwen/Qwen2.5-14B,mmlu_test,v1,phase5_full,2,0.03468325880237763,0.044188741190786474,0.7848890434020607,0.43251862657118734,0.7837406867144063
Qwen/Qwen2.5-14B,mmlu_test,v2,phase5_full,1,0.08533260632497275,0.18525649888463355,0.460618692670602,0.6450721981308749,0.6774639009345625
Qwen/Qwen2.5-14B,hellaswag_val,v1,phase5_full,1,-0.032258064516129004,0.03225806451612904,-0.9999999999999989,0.3173105078629148,0.15865525393145735
Qwen/Qwen2.5-14B,arc_challenge,v1,phase5_full,4,-0.028411467730897373,0.03173098693026523,-0.8953855672165786,0.3705810131940148,0.1852905065970074
Qwen/Qwen2.5-14B,arc_challenge,v2,phase5_full,2,-0.037092195610557994,0.014148445795244113,-2.621644535898511,0.008750664806691066,0.004375332403345575
Qwen/Qwen2.5-32B,gsm8k_test,v2,phase5_full,4,0.013579854469786799,0.005983487687825475,2.2695550117730754,0.02323459586315435,0.9883827020684228
Qwen/Qwen2.5-32B,mmlu_test,v1,phase5_full,2,0.0711309518420635,0.03823975587101261,1.8601309088373088,0.06286700713091253,0.9685664964345437
Qwen/Qwen2.5-32B,mmlu_test,v2,phase5_full,2,-0.16172690234653064,0.022014091533948163,-7.346517211356638,2.0339285811132868e-13,1.0171901936149256e-13
Qwen/Qwen2.5-32B,arc_challenge,v1,phase5_full,4,0.005906682193209444,0.018384061913345795,0.32129364125571863,0.7479878747265378,0.6260060626367311
Qwen/Qwen2.5-32B,arc_challenge,v2,phase5_full,2,-0.024140975077509348,0.007955376588343287,-3.0345483723400606,0.002408961212575056,0.0012044806062875338
Qwen/Qwen2.5-7B,gsm8k_test,v2,phase5_full,4,0.020963582485483228,0.009951653268269224,2.106542693998942,0.03515723860232001,0.98242138069884
Qwen/Qwen2.5-7B,mmlu_test,v1,phase5_full,2,0.16368732149459053,0.04810944136858556,3.4023949735877594,0.000667980237947674,0.9996660098810262
Qwen/Qwen2.5-7B,arc_challenge,v1,phase5_full,4,-0.0004950261398112767,0.037931499951081825,-0.01305052899172679,0.9895874799783559,0.494793739989178
Qwen/Qwen2.5-7B,arc_challenge,v2,phase5_full,1,0.1230769230769231,0.20085572870693782,0.6127628216992541,0.5400331770300439,0.729983411484978
Qwen/Qwen2.5-Coder-7B,gsm8k_test,v1,phase5_full,1,-0.02586206896551724,0.014801064108144114,-1.7473114619702874,0.0805833259434614,0.04029166297173071
Qwen/Qwen2.5-Coder-7B,gsm8k_test,v2,phase5_full,3,0.016659720548222193,0.006543534341765409,2.545981984367105,0.010897081209978898,0.9945514593950106
Qwen/Qwen2.5-Coder-7B,mmlu_test,v1,phase5_full,2,0.19828385179429842,0.0507964560844007,3.9034977452923187,9.48124339483769e-05,0.9999525937830258
Qwen/Qwen2.5-Coder-7B,mmlu_test,v2,phase5_full,1,-0.12833020637898696,0.20103365166415554,-0.638351864559342,0.5232446574838421,0.26162232874192104
Qwen/Qwen2.5-Coder-7B,hellaswag_val,v1,phase5_full,1,0.1127819548872181,0.22982606461136845,0.4907274337135357,0.6236192405155454,0.6881903797422273
Qwen/Qwen2.5-Coder-7B,arc_challenge,v1,phase5_full,4,0.03457512060390241,0.039724330171220165,0.8703764281204092,0.3840947241183772,0.8079526379408114
Qwen/Qwen2.5-Math-7B,gsm8k_test,v1,phase5_full,1,0.25665024630541877,0.13894998711085305,1.8470692343473591,0.06473710671067678,0.9676314466446616
Qwen/Qwen2.5-Math-7B,gsm8k_test,v2,phase5_full,4,-0.007368359798173364,0.09676017012206664,-0.07615075282399666,0.9392991624134281,0.46964958120671413
Qwen/Qwen2.5-Math-7B,mmlu_test,v1,phase5_full,2,0.037029997361784306,0.06231615137568015,0.5942279255749392,0.5523596773920387,0.7238201613039806
Qwen/Qwen2.5-Math-7B,arc_challenge,v1,phase5_full,4,-0.08274754646632954,0.043799586952484926,-1.889231205675444,0.058860855036784177,0.029430427518392036
Qwen/Qwen2.5-Math-7B,arc_challenge,v2,phase5_full,2,0.015895821703804592,0.13712812589272427,0.1159194847907419,0.9077163531680585,0.5461418234159707
Qwen/Qwen2.5-Math-7B,humaneval,v2,phase5_full,1,0.2916666666666667,0.20106363992922066,1.4506186537224757,0.1468860781079142,0.9265569609460429
Qwen/Qwen3-8B,gsm8k_test,v1,phase5_full,4,-0.006646467776133549,0.04507688888932235,-0.14744734918269703,0.8827789346595114,0.4413894673297557
Qwen/Qwen3-8B,mmlu_test,v1,phase5_full,2,0.16914976805074672,0.09168750373397208,1.8448508374873913,0.06505923986821327,0.9674703800658934
Qwen/Qwen3-8B,arc_challenge,v1,phase5_full,4,-0.08157614400784348,0.016541213613332002,-4.931690377427577,8.152106234504686e-07,4.0760531175466286e-07
Qwen/Qwen3-8B,humaneval,v2,phase5_full,1,-0.08333333333333336,0.19852449952581902,-0.41976347268159453,0.6746582514786768,0.3373291257393384
allenai/OLMo-2-1124-7B,gsm8k_test,v2,phase5_full,4,-0.14428259396860418,0.0561789629312524,-2.5682673093336805,0.010220830624137811,0.0051104153120688535
allenai/OLMo-2-1124-7B,mmlu_test,v1,phase5_full,2,0.06495470937292142,0.07028565215115384,0.9241531861044998,0.3554065652653451,0.8222967173673275
allenai/OLMo-2-1124-7B,arc_challenge,v1,phase5_full,4,0.04947127205405617,0.055008571387458655,0.8993375178860775,0.3684729092284398,0.8157635453857801
deepseek-ai/DeepSeek-R1-Distill-Qwen-7B,gsm8k_test,v1,phase5_full,4,0.08097775670620858,0.03227792308576275,2.5087660222452945,0.012115370439221618,0.9939423147803892
deepseek-ai/DeepSeek-R1-Distill-Qwen-7B,humaneval,v1,phase5_full,1,0.125,0.125,1.0,0.31731050786291415,0.8413447460685429
google/gemma-2-27b,gsm8k_test,v1,phase5_full,4,0.1734844731506318,0.06796310298103292,2.55262731601657,0.01069138270158465,0.9946543086492077
google/gemma-2-27b,arc_challenge,v1,phase5_full,2,0.1825658506633206,0.1405459312656962,1.2989764201582434,0.19395202149535584,0.9030239892523221
google/gemma-2-9b,gsm8k_test,v1,phase5_full,3,0.3525225003827929,0.07055446025897949,4.996459459668636,5.839244379135522e-07,0.999999708037781
google/gemma-2-9b,humaneval,v1,phase5_full,1,-0.06666666666666665,0.19436506316151003,-0.3429971702850176,0.7316005889599015,0.3658002944799507
meta-llama/Llama-3.1-8B,gsm8k_test,v1,phase5_full,2,0.12546959096955693,0.07493516420345822,1.6743753390449843,0.09405685634195016,0.9529715718290249
meta-llama/Llama-3.1-8B,mmlu_test,v1,phase5_full,2,0.06186947215310361,0.06602776320601858,0.9370220820605364,0.3487471992714175,0.8256264003642912
meta-llama/Llama-3.1-8B,mmlu_test,v2,phase5_full,1,-0.32389380530973455,0.019704672745303166,-16.437411039314945,0.0,5.161792589839821e-61
meta-llama/Llama-3.1-8B,arc_challenge,v1,phase5_full,4,0.1034204433381749,0.04873246638907538,2.122208273073559,0.03382025212750883,0.9830898739362456
meta-llama/Llama-3.1-8B,arc_challenge,v2,phase5_full,2,-0.20809857585127067,0.030700412035344092,-6.778364264678127,1.2154499628991289e-11,6.0772045327310556e-12
meta-llama/Llama-3.1-8B,humaneval,v2,phase5_full,1,-0.09523809523809523,0.2919944707953503,-0.3261640365267211,0.7443002495020048,0.37215012475100234
microsoft/Phi-3.5-mini-instruct,gsm8k_test,v1,phase5_full,4,-0.0067903703252241805,0.061580951887623886,-0.11026738166723372,0.9121973251408717,0.45609866257043585
microsoft/Phi-3.5-mini-instruct,gsm8k_test,v2,phase5_full,4,0.11869167844202243,0.07210735537569925,1.6460412092997445,0.09975527502617143,0.9501223624869143
microsoft/Phi-3.5-mini-instruct,mmlu_test,v1,phase5_full,2,0.2917739713331638,0.060592180657967724,4.8153733396752445,1.46924934041337e-06,0.9999992653753298
microsoft/Phi-3.5-mini-instruct,hellaswag_val,v1,phase5_full,2,-0.09305918991946292,0.05174486095883179,-1.798423808569141,0.07210987263853252,0.0360549363192663
microsoft/Phi-3.5-mini-instruct,arc_challenge,v1,phase5_full,4,0.10680158277333135,0.04546815883148785,2.3489313294860876,0.01882737873366036,0.9905863106331698
microsoft/Phi-3.5-mini-instruct,humaneval,v2,phase5_full,1,0.3333333333333333,0.21081851067789198,1.5811388300841893,0.11384629800665813,0.9430768509966709
microsoft/phi-4,gsm8k_test,v1,phase5_full,4,0.14883173715874193,0.0810377022664463,1.8365740019305283,0.06627280822453652,0.9668635958877317
microsoft/phi-4,mmlu_test,v1,phase5_full,2,0.1550359036963771,0.05681106397394354,2.7289737746767866,0.006353175618151186,0.9968234121909244
microsoft/phi-4,mmlu_test,v2,phase5_full,1,0.2659963436928702,0.22433967388051734,1.1856857019170806,0.23574644311151083,0.8821267784442446
microsoft/phi-4,hellaswag_val,v1,phase5_full,1,0.038461538461538464,0.03846153846153846,1.0000000000000002,0.3173105078629139,0.841344746068543
microsoft/phi-4,arc_challenge,v1,phase5_full,3,-0.04645353592160813,0.07692412573932668,-0.6038877332064266,0.5459182848674262,0.2729591424337131
microsoft/phi-4,arc_challenge,v2,phase5_full,3,-0.006895655202709602,0.07897722089863632,-0.08731195051241247,0.9304235551635054,0.46521177758175275
microsoft/phi-4,humaneval,v2,phase5_full,1,0.01785714285714285,0.18982403237026163,0.09407208683835967,0.9250518935055845,0.5374740532472078
mistralai/Mistral-7B-v0.3,mmlu_test,v1,phase5_full,2,0.265462458876499,0.060804538086061136,4.365832999187831,1.2663921006961232e-05,0.9999936680394965
mistralai/Mistral-7B-v0.3,mmlu_test,v2,phase5_full,1,-0.25802919708029204,0.20113134517131995,-1.2828890338326309,0.19953095532700438,0.09976547766350213
mistralai/Mistral-7B-v0.3,arc_challenge,v1,phase5_full,4,-0.046640397655329416,0.07110531708157264,-0.6559340365759588,0.5118665672489693,0.25593328362448464
mistralai/Mistral-7B-v0.3,humaneval,v2,phase5_full,1,-0.2,0.20000000000000004,-0.9999999999999999,0.31731050786291415,0.15865525393145707
Qwen/Qwen3-8B,humaneval_sandbox,v2,sandbox_pass1,1,-0.29166666666666663,0.19421884459536773,-1.5017423632311275,0.13316365864923907,0.06658182932461958
deepseek-ai/DeepSeek-R1-Distill-Qwen-7B,humaneval_sandbox,v1,sandbox_pass1,2,-0.16867469879518074,0.13443321448446624,-1.2547100018550186,0.20958405356589416,0.10479202678294708
google/gemma-2-9b,humaneval_sandbox,v1,sandbox_pass1,1,0.09999999999999998,0.27688746209726917,0.3611575592573075,0.7179816667337768,0.6410091666331116
meta-llama/Llama-3.1-8B,humaneval_sandbox,v2,sandbox_pass1,2,-0.16194881962036936,0.19130505855568622,-0.8465475029413733,0.3972473856647154,0.1986236928323577
microsoft/Phi-3.5-mini-instruct,humaneval_sandbox,v2,sandbox_pass1,1,0.0,0.29814239699997197,0.0,1.0,0.5
microsoft/phi-4,humaneval_sandbox,v2,sandbox_pass1,2,0.016823152440251586,0.1741236689148786,0.09661611511572092,0.923031258356819,0.5384843708215905
mistralai/Mistral-7B-v0.3,humaneval_sandbox,v2,sandbox_pass1,1,-0.55,0.23884190282581186,-2.3027785053325287,0.02129130850521932,0.010645654252609705
EleutherAI/pythia-1b,math500,v1,numeric_boxed,2,-0.029936027068792954,0.04122269185907487,-0.7262026257560558,0.4677145625256074,0.2338572812628037
EleutherAI/pythia-6.9b,math500,v2,numeric_boxed,2,0.03970402938259028,0.023155531838585687,1.7146671326472698,0.08640627280490465,0.9567968635975477
allenai/OLMo-2-1124-7B,math500,v2,numeric_boxed,4,-0.037881658403532026,0.02335994289527163,-1.6216502999756814,0.10487824604216156,0.05243912302108076
google/gemma-2-27b,math500,v1,numeric_boxed,2,0.38989169675090257,0.0681290526755152,5.7228404247432785,1.0475765144235538e-08,0.9999999947621174
google/gemma-2-27b,math500,v2,numeric_boxed,4,0.3765928675219098,0.05632531818636189,6.686031781940197,2.2930324306003058e-11,0.9999999999885348
google/gemma-2-9b,math500,v1,numeric_boxed,4,0.3605801833634544,0.08349554302251053,4.318556060725797,1.570533314954048e-05,0.9999921473334252
google/gemma-2-9b,math500,v2,numeric_boxed,3,0.3653089864554757,0.05191578836098435,7.036568219197303,1.970423824104728e-12,0.9999999999990148
meta-llama/Llama-3.1-8B,math500,v2,numeric_boxed,4,0.0821567109570214,0.05989630148996923,1.3716491488340077,0.17017268569276345,0.9149136571536183
microsoft/phi-4,math500,v2,numeric_boxed,4,0.16941495032725504,0.06654526083556746,2.54586048953775,0.010900874458886767,0.9945495627705566
Qwen/Qwen2.5-14B,livecodebench_sandbox,v2,sandbox_pass1,2,0.24060925259180083,0.07868020832993146,3.058065779170903,0.002227706700972387,0.9988861466495138
allenai/OLMo-2-1124-7B,livecodebench_sandbox,v2,sandbox_pass1,1,0.13333333333333333,0.06312427686319992,2.112235418114766,0.03466626204698575,0.9826668689765071
google/gemma-2-27b,livecodebench_sandbox,v2,sandbox_pass1,2,0.10789498570566025,0.08293743209022249,1.30092025984465,0.1932857505395118,0.9033571247302441
google/gemma-2-9b,livecodebench_sandbox,v2,sandbox_pass1,2,0.047850849437764686,0.019733906238874176,2.4248037291016638,0.015316664991292583,0.9923416675043537
meta-llama/Llama-3.1-8B,livecodebench_sandbox,v2,sandbox_pass1,2,0.061974393024055885,0.06147516484563848,1.0081208107317963,0.3133964681554504,0.8433017659222748
microsoft/phi-4,livecodebench_sandbox,v2,sandbox_pass1,2,-0.00588235294117648,0.019174124721184262,-0.30678599553894864,0.7590062685283967,0.37950313426419835
